title,year,engine_size,fuel_type,milage,price
2013 BMW 320d M SPORT,2013,2.0,Diesel,125000,
BMW 320D MSPORT AUTO,2012,2.0,Diesel,140000,
BMW 3 Series Automatic  Full Leather Interior  Bl,2015,2.0,Diesel,112332,18995
BMW 320d INDIVIDUAL NEW NCT 21/MINT,2006,2.0,Diesel,147745,
BMW 3 Series Saloon,,,,0,
142 BMW 3-Series Diesel *Irish Car*,2014,2.0,Diesel,139800,10950
320D Sport 2.0 S/S 184BHP - FSH - PARKING SENSORS,2012,2.0,Diesel,97739,7795
320D ED PLUS AUTO M-PERFORMANCE KIT - FSH,2016,2.0,Diesel,89872,
BMW 3-Series 2016 320 Msport Auto Irish Car,2016,2.0,Diesel,43000,23950
BMW 3 Series Hatchback,,,,0,
LOW MILEAGE1 OWNER LEATHER/WALNUT WOOD INTERIOR,2017,2.0,Hybrid,28234,22850
LOW MILEAGE1 OWNER LEATHER/WALNUT WOOD INTERIOR,2017,2.0,Electric,28234,22850
BMW 04  ***NEW NCT O3. 2021***,2004,1.8,Petrol,186000,
2008 BMW E92 320i Coupe. Tax and NCT,2008,2.0,Petrol,120,3500
BMW 3 Series Estate,,,,0,
2015 BMW 320D EFFICIENT DYNAMICS *NAVPARK SENSORS,2015,2.0,Diesel,124000,
2016 BMW 320D SPORT *LED DRLNAVPARK SENSORS*,2016,2.0,Diesel,98000,9995
2015 BMW 320D M-PERFORMANCE KIT *PARK SENSORSNAV*,2015,2.0,Diesel,107000,9450
2015 BMW 320D  PLUS MPERFORMANCE KIT *LEATHERNAV*,2015,2.0,Diesel,105000,9450
BMW 3-Series 2016 SE 1 Owner Low Mileage,2016,2.0,Diesel,29000,18950
BMW 3 Series 320 SE 320d 190 Auto Start/stop,2019,2.0,Diesel,12130,37950
2015 151 BMW 3-Series 316D Automatic / Leather,2015,2.0,Diesel,101510,17950
2014 BMW 335d !,2014,3.0,Diesel,118000,24995
320 D SE M Spec,2008,2.0,Diesel,119924,
2009 BMW 318d,2009,2.0,Diesel,171000,2650
2003 BMW 3 Series,2003,1.8,Petrol,123633,
BMW 3-Series 2015 2.0 Diesel SE Lux,2015,2.0,Diesel,89000,16990
2016 (162) BMW 320D M Sport Low Miles,2016,2.0,Diesel,51121,24500
BMW 3-Series 2010 2.0d M Spo,2010,2.0,Diesel,150000,6950
BMW 3-Series 2015 320d M Sport High Spec,2015,2.0,Diesel,95000,21900
BMW 3-Series 2015 330d M Sport,2015,3.0,Diesel,95000,22900
320D SPORT LINE LOW KMS,2013,2.0,Diesel,54000,14950
BMW 318I Fresh NCT,2008,2.0,Petrol,128600,2600
2017 BMW 330 E M SPORT AUTO+..MEGA SPEC.FINANCE!,2017,2.0,Hybrid,65000,24950
BMW 3 Series 318 SE Z3ar,2015,2.0,Diesel,34165,21450
Bmw,2006,2.0,Diesel,180,
2010 bmw 320d sport,2010,2.0,Diesel,218000,
2015 BMW 320D BUSINESS EFFICIENTDYNAM"" AUTO"",2015,2.0,Diesel,101000,
BMW 3 Series Dakota Leather Auto Low Klms Irish C,2016,2.0,Diesel,63500,17895
BMW 3 SERIES,2011,2.0,Diesel,107000,7750
Bmw 320d,2010,2.0,Diesel,258475,
Bmw 320d,2005,2.0,Diesel,15100,
1996 Bmw 320,1996,2.0,Petrol,118000,
BMW 3 Series 2.0d Sport Automatic Model // Sport,2015,2.0,Diesel,95500,14900
BMW 3 Series 316D SE 4DR 2.0 Diesel,2015,2.0,Diesel,47000,16250
11 320d  NCT & Tax  â‚¬4900,2011,2.0,Diesel,162021,
Bmw 320D Msport,2010,2.0,Diesel,15,
Bmw for sale. Price Drop. Last drop. 7000!,2012,2.0,Diesel,120000,
2007 BMW 318i Cabriolet*75950 Miles* NCT 08/21,2007,2.0,Petrol,75950,4999
BMW 3 series M-sport,2016,2.0,Diesel,68000,
BMW 318i,2011,2.0,Petrol,55000,
BMW 3 Series 330e M-sport Automatic 2.0l Plug In,2017,2.0,Hybrid,69886,24949
BMW e46 316i 2.2 engine,2002,1.8,Petrol,159000,1800
BMW 3 Series 318D SE Z3ja 4DR,2016,2.0,Diesel,31069,19900
BMW 3 Series 320 (e90) D Efficient Dynamics 4DR,2010,2.0,Diesel,163000,3750
BMW E46 318Ci Coupe M Sport 2003 - 20 Petrol,2003,2.0,Petrol,122327,5500
Bmw 320d M sport (is200AudiSierraToyota),2007,2.0,Diesel,131000,
2015 BMW 320D GT AUTO M-SPORT,2015,2.0,Diesel,39000,
2012 BMW 3-Series,2012,2.0,Diesel,158000,
2013 BMW 320i 184BHP PETROL,2013,2.0,Petrol,58000,
2017 BMW 320D GT M-SPORT AUTO,2017,2.0,Diesel,102000,
BMW 320d Full BMW Main Dealer Service History,2011,2.0,Diesel,138400,5795
2014 BMW 3-Series 318d Msport Spec Alloys,2014,2.0,Diesel,97577,14495
BMW 3 Series 330i M Sport,2007,110000,mi,17,4945
BMW 3 Series 318D M-sport 4DR 150BHP  auto  Irish,2019,2.0,Diesel,5812,39950
BMW 3 Series 320 F30 D XD M Sport Shadow ED,2018,2.0,Diesel,21999,33999
2012 BMW 318 D EXCLUSIVE TOURING..FINANCE!,2012,2.0,Diesel,150000,9950
BMW 3 Series 320I Se// Fmdmotors.ie//0874199911,2010,2.0,Petrol,85130,
BMW 3 Series 2.0 318D Exclusive Edition Auto // W,2011,2.0,Diesel,95693,
BMW 3-Series 2013320D M-SPORT AUTO F30,2013,2.0,Diesel,96000,15995
2014 BMW 318 GRAN TURISMO SE AUTO..FINANCE.,2014,2.0,Diesel,89000,19950
BMW 325i Cabriolet  2007 only 45000 miles,2007,3.0,Petrol,45000,6500
BMW 3 Series 318D SE Zlbg 4DR Auto,2016,2.0,Diesel,90427,
BMW 320d,2010,2.0,Diesel,18,
BMW 3 Series 316D Sport 2.0 Tdi upgraded Alloys u,2014,2.0,Diesel,107000,13950
BMW 3 Series M-sport Auto Plug IN Hybrid 250BHP G,2018,2.0,Hybrid,42000,29450
BMW E46 M-SPORT,2004,2.0,Petrol,111000,
2007 BMW 3 series E90 Tax & NCT,2007,1.6,Petrol,165000,
Bmw 320d,2005,2.0,Diesel,246000,
2006 BMW 318i,2006,2.0,Petrol,105000,
BMW 318D SPORT AUTO,2017,2.0,Diesel,76000,
BMW 3 Series  new Model 316d Sal With Only 87500,2012,2.0,Diesel,140150,9949
BMW 3 Series 318D M Sport,2013,2.0,Diesel,77895,
BMW 3 Series 320 (e90) D Sport Plus Edition 4DR,2011,97000,mi,19,8450
BMW 3 Series 330E Hybrid Auto SE Spec,2016,2.0,Hybrid,52196,19950
BMW 3 Series 316D SE With Black Leather Seats Onl,2013,2.0,Diesel,105450,11949
2011 bmw 320d se cheap vrt fsh leather mot 95k,2011,2.0,Diesel,95000,
2012 BMW 320D SE *M-PERFORMANCE KIT*,2012,2.0,Diesel,112000,
2004 Bmw 320,2004,2.0,Diesel,123,
BMW 320d NEW NCT 21/F10 ALLOYS MINT,2006,2.0,Diesel,156031,
**MINT BMW 320D 2010 FSH** LOOK!,2010,2.0,Diesel,240000,3800
2016 Bmw 3 series m sport,2016,2.0,Diesel,108000,
BMW 3 Series 318 F30 D SE 4DR,2016,2.0,Diesel,89308,18995
*151 320D M-Sport Plus 188bhp Performance â‚¬85pw,2015,2.0,Diesel,51000,18950
BMW 3-Series 2011 NCT 5/20,2011,2.0,Diesel,139000,
BMW 318 - LOW MILEAGE - TAX & NCT,2007,2.0,Petrol,140000,
LEATHER / FSH / NCT,2007,2.0,Petrol,184000,899
2008 BMW 316i ES ***TAX and NCT***,2008,1.6,Petrol,203000,
BMW 320d msport 185bhp 2.0 diesel F30,2013,2.0,Diesel,284068,14000
BMW 3 Series 316D SE Z3ap 4DR,2015,2.0,Diesel,72702,
LOVELY BMW 318D SE F30 AUTOMATIC 143BHP 2012,2012,2.0,Diesel,140000,10950
BMW 3 Series 2.0 316 D Sport ( 151 REG ),2015,2.0,Diesel,105554,15950
BMW 3 Series 320d M Sport Touring,2019,1.5,Diesel,7327,37995
BMW 318i M,2007,2.0,Petrol,163000,
BMW 3 Series 330e M-sport Automatic 2.0l Plug In,2017,2.0,Hybrid,69886,24949
BMW 3-Series 2007 318d,2007,2.0,Diesel,130000,
BMW 320d 3-Series F30 2013,2013,2.0,Diesel,138000,8999
BMW 2006 318.New NCT.,2006,2.0,Petrol,243030,
318 bmw msport,2003,2.0,Petrol,166000,
BMW 318D Sports Edition ''NCT+TAX+WARRANTY'',2013,2.0,Diesel,84000,12650
BMW 3 Series 316 D ES Edition Zji1 4DR,2011,2.0,Diesel,172000,8450
BMW 320D Dynamics  142,2014,2.0,Diesel,155000,12950
BMW 3-Series 2015 318d Full Msport Navigation,2015,2.0,Diesel,86000,18950
BMW 320 Touring 2014,2014,2.0,Diesel,177000,
2017 BMW 330 E M SPORT AUTO+..MEGA SPEC.FINANCE!,2017,2.0,Hybrid,65000,24950
2017 BMW 316 D SPORT AUTO..FINANCE!!,2017,2.0,Diesel,14000,22950
BMW 3 Series 320d Coupe SE Fsh/96k,2013,2.0,Diesel,96,11950
BMW 3 Series 320D(E90) Efficient Dynamics,2011,2.0,Diesel,111000,7250
BMW e36 328i Sport $$ PRICE DROP NEED GONE $$,1996,2.8,Petrol,144341,
BMW 320d 3-Series F30 2013,2013,2.0,Diesel,138000,8999
141 BMW 320 M-Sport 184Bhp X-Drive Auto FBMWSH,2014,2.0,Diesel,135039,15950
BMW 3-Series 2010 Diesel NCT 01/21,2010,2.0,Diesel,148000,
2007 BMW 325I Convertible (Finance From â‚¬24),2007,3.0,Petrol,118500,4499
2008 BMW 320D M Sport (Finance From â‚¬27 Weekly),2008,2.0,Diesel,178000,4999
2014(142)BMW M-Performance (Finance From â‚¬53),2014,2.0,Diesel,103553,15999
2015(151) BMW M-Performance (Finance From â‚¬53),2015,2.0,Diesel,102729,16999
Bmw 320 automatic 07,2007,2.0,Petrol,124000,1700
2011 BMW 320 Msport 181 bhp,2011,2.0,Diesel,162,6750
BMW 318,1997,1.8,Petrol,89000,1950
**2015 320d M sport**,2015,2.0,Diesel,97000,
BMW,2005,2.0,Petrol,226000,
BMW 320d m sport business edition,2010,2.0,Diesel,148000,
**2013 320D M sport Auto**,2013,2.0,Diesel,1,
BMW 316 2.0D F30 Sport 2016,2016,2.0,Diesel,45000,16750
Bmw 318d,2008,2.0,Diesel,161000,2200
BMW 335i,2007,3.0,Petrol,167000,7500
ðŸš˜For Sale bmw e92 m-sport ðŸš˜,2007,2.5,Petrol,154000,
2005 Bmw 320,2005,2.0,Petrol,270000,
BMW 3-Series 318 D 2015 TOURING EDITION,2015,2.0,Diesel,120000,11950
BMW 3-Series 2010,2010,2.0,Diesel,160000,5450
BMW 3-Series 2005 NCT SEP 2020,2005,2.0,Petrol,160000,1700
BMW 3-Series 2007 M SPORT,2007,2.0,Petrol,164858,
Bmw E92 M Sport,2008,2.0,Diesel,189000,
BMW  320    CABRIO,2008,2.0,Petrol,160000,
Bmw,2007,2.0,Diesel,130000,
â‚¬87 PER WEEK ON FINANCE 162 BMW 320D M SPORT,2016,2.0,Diesel,67135,87
Bmw 318 Nct,2006,2.0,Petrol,189000,
BMW 320D BUSINESS EXECUTIVE  NAV/PHONE/PDC/ AUTO,2011,2.0,Diesel,206000,7200
BMW F30 320d New 2016 Facelift Model low nox,2015,2.0,Diesel,130,
BMW 3 Series 318 F30 D SE 4DR,2016,2.0,Diesel,89308,18995
BMW 318d 2008,2008,2.0,Diesel,135000,3250
2011 BMW 320D 184BHP TOURING,2011,2.0,Diesel,104000,7999
07 BMW petrol NCT till October taxed till April,2007,2.0,Petrol,140000,
BMW 3 Series 318 SE Auto  Full BMW History,2017,2.0,Diesel,44343,26450
2006 BMW 325 *NEW NCT* *LEATHER* 108000 MILES,2006,2.5,Petrol,108900,2495
BMW 3 Series 330e Sport Saloon,2020,2.0,Hybrid,64,45465
BMW 320d INDIVIDUAL MINT NEW NCT &TAX,2008,2.0,Diesel,156091,
â‚¬â‚¬2017 BMW 320 DM sport autoâ‚¬â‚¬,2017,2.0,Diesel,39135,
BME 320 CD,2004,2.0,Diesel,169000,
Bmw 320d Msport F30,2012,2.0,Diesel,140000,
BMW 320D 2005,2005,2.0,Diesel,129700,1200
BMW 320D *FACELIFT* 184BHP,2011,2.0,Diesel,154000,6250
2017 (171) BMW 3 Series 318D AUTO LOW KM HIGH SPEC,2017,2.0,Diesel,26090,19990
BMW 316d,2012,2.0,Diesel,2,
Bmw 318d,2008,2.0,Diesel,170000,
2005 BMW 318!!AUTO!!((NCT 02/21)),2005,1.8,Petrol,135000,
Bmw,2008,2.0,Diesel,193900,2450
2014 BMW 3-Series 318d Msport Spec Alloys,2014,2.0,Diesel,97577,14495
BMW 330e M Sport Plus Petrol Plugin Hybrid *,2016,2.0,Hybrid,46500,23950
2012 bmw f30,2012,2.0,Diesel,140000,11250
BMW 3-Series 2014  320 X-Drive 2.0,2014,2.0,Diesel,126000,13999
BMW 3-Series 2014 Dynamic,2014,2.0,Diesel,56000,14999
2008 bmw 320d e92 Nct'd automatic cheap tax,2008,2.0,Diesel,167000,
2011 BMW 320D AUTOMATIC NCT & TAX,2011,2.0,Diesel,188000,5900
BMW 335d xDrive M Sport Touring 2016,2016,3.0,Diesel,38600,
BMW 3 Series 316i 1.6 Se New Model Only 63750 Mil,2013,1.6,Petrol,102222,11949
07 318D BMW,2007,2.0,Diesel,282000,
2013 BMW 320d M SPORT,2013,2.0,Diesel,125000,
BMW 320D Saloon,2008,2.0,Diesel,318089,
BMW 320d efficient dynamics Dec 2011,2011,2.0,Diesel,160000,
BMW 320d m sport plus performance new model 2015,2015,2.0,Diesel,131000,
BMW 320d m sport auto paddle shift late 2017,2017,2.0,Diesel,93066,
BMW 3 Series 316 SE Z3ap 4DR Auto,2015,2.0,Diesel,144335,17995
2007 BMW 320i SE convertible,2007,2.0,Petrol,120000,
BMW 318D,2009,2.0,Diesel,209000,
2009 BMW 335d M-Sport 360bhp 77k mls NCT'd,2009,3.0,Diesel,77000,14000
BMW 330E Sport Plug-In Hybrid Auto 252BHP,2016,2.0,Hybrid,146000,16000
BMW 3 Series 316i,2007,1.6,Petrol,195996,
BMW 318i **Only 53k Miles/Long NCT/Tax/Big Spec**,2007,2.0,Petrol,53000,
BMW 320d F30 sport. VRT PAID,2012,2.0,Diesel,126,
BMW 318tds e36,1995,1.7,Diesel,196000,
06 BMW 320 M-Sport For Sale,2006,2.0,Diesel,190625,1495
171 BMW 320d SPORT M-PERFORMANCE AUTO,2017,2.0,Diesel,115000,
BMW 320d M sport,2013,2.0,Diesel,95000,
BMW 3 Series 320Cd Coupe SE,2008,2.0,Diesel,90000,
BMW 3 Series 330E M-sport Hybrid Automatic  top S,2017,2.0,Hybrid,46000,
BMW 3 series m sport,2008,2.0,Diesel,138000,
BMW 3 Series 330E M-sport Hybrid Automatic  top S,2017,2.0,Petrol,46000,
2010 BMW 320d2keys2ownersncttaxonly 117 k  km,2010,2.0,Diesel,117000,6650
BMW 3 Series 320i SE Highline,2009,94000,mi,2,7945
BMW 3 Series 316 SE Auto  free Nationwide Deliver,2015,2.0,Diesel,90540,19475
BMW 318d Sport,2012,2.0,Diesel,120000,10495
2016 BMW 320 D Efficient Dynamics *From â‚¬80 PW*,2016,2.0,Diesel,72000,19950
Bmw 318d.  Non runner. 650 euro,2008,2.0,Diesel,200000,
2011 BMW 320D M SPORT,2011,2.0,Diesel,83682,
BMW 3 Series 316D Sport  full Leather Interior,2016,2.0,Diesel,30550,21000
2017 BMW 330 E M SPORT AUTO+..MEGA SPEC.FINANCE!,2017,2.0,Hybrid,65000,24950
BMW 320D M-Sport New NCT 1/22,2011,2.0,Diesel,97000,
BMW 3-Series 2011 MSPORT PLUS,2011,2.0,Diesel,108000,9995
BMW 320D ED M Preformance Kitted,2012,2.0,Diesel,139000,
BMW 3 Series 10200 miles. Passed NCT recently,2007,1.6,Petrol,2,
BMW 316i e30.â‚¬56 tax.,1990,1.6,Petrol,156000,
Bmw320d,2009,2.0,Diesel,2,
2014 BMW 320D M-Sport 96k Miles,2014,2.0,Diesel,96000,9450
BMW 318,2009,2.0,Diesel,100000,4500
Bmw 320d 2014,2014,2.0,Diesel,78000,
BMW 330d XDrive,2013,3.0,Diesel,84450,15750
BMW 3-Series 2007,2007,2.0,Petrol,55000,3500
BMW 320 CI DIESEL AUTO M SPORT,2007,2.0,Diesel,94000,2950
BMW 3 Series 330e M Sport,2017,2.0,Hybrid,65000,31995
BMW 320D NEW NCT,2008,2.0,Diesel,171000,2950
BMW 318 M sport cabriolet 2008,2008,2.0,Petrol,47000,
BMW 320D MSPORT,2014,2.0,Diesel,67000,
06 BMW 316i SE..Driving well..NCT'd,2006,1.6,Petrol,230000,999
06  3  SERIES  BMW  320  E  M SPORT,2006,2.0,Petrol,147544,
BMW,2006,2.0,Petrol,82000,
2015 BMW 3-Series 320d F30 M-Performance 152ðŸ’¥ðŸ’¥,2015,2.0,Diesel,98000,18900
2014 BMW 3-Series 320d F30 M-Performance,2014,2.0,Diesel,128000,14900
BMW 3 Series 330e Sport,2020,2.0,Hybrid,2,45465
BMW 3-Series 2008+Auto+Nct07/20+Tax08/20+Warranty,2008,2.0,Diesel,165000,6194
BMW 3-Series 2011 COUPE M-SPORT AUTOMATIC,2011,2.0,Petrol,128000,7950
2013 320D M SPORT X DRIVE AUTO,2013,2.0,Diesel,170000,
2002 Bmw 318 Ci Coupe 49000Mls 1 Owner.,2002,2.0,Petrol,49000,
BMW 320D,2008,2.0,Diesel,197126,3250
BMW 3 Series 318D 150HP Sport  69 per Week,2017,2.0,Diesel,77700,21995
BMW 320d 3-Series F30 2013,2013,2.0,Diesel,138000,8999
BME 320 CD,2004,2.0,Diesel,169000,
BMW 320D Automatic Diesel 'NEW NCT,2013,2.0,Diesel,214000,
142 bmw 3 series msport f30,2014,2.0,Diesel,153,
BMW 320D Genuine Sport,2012,2.0,Diesel,75000,
2007 BMW 320i convertible with low mileage,2007,2.0,Petrol,60336,7750
2005 BMW 3 series Convertible/Hardtop,2005,2.0,Petrol,99422,
2011  BMW 320D EFENCY,2011,2.0,Diesel,3,
2011 BMW 318 D EXCLUSIVE EDITION ALSO 320 D,2011,2.0,Diesel,3,
2009  BMW 3 series 320D  NCT 05/21,2009,2.0,Diesel,153000,
BMW e90 3series,2010,2.0,Diesel,3,
BMW 3 Series 2012,2012,2.0,Diesel,138000,
BMW 3-Series 2007,2007,2.5,Petrol,100000,
BMW E90 320d,2007,2.0,Diesel,266000,
BMW 330d M Sport 4dr  Auto (business media) 2015,2015,3.0,Diesel,58000,14800
BMW 3-Series 330d XDRIVE Luxury 2014,2014,3.0,Diesel,79950,12990
Sandblasting spray painting,2006,2.0,Diesel,3,
BMW 3-Series 2013 Diesel Estate,2013,2.0,Diesel,163000,
142 320d Sport Manual - Midleton MotorStore-,2014,2.0,Diesel,150000,
BMW 3-Series 2017 M.SPORT HYBRID,2017,2.0,Hybrid,55000,24950
08 BMW 320D MSPORT,2008,2.0,Diesel,3,
Bmw 320d nct 06-20,2007,2.0,Diesel,217000,750
2015 BMW 318d M-Sport,2015,2.0,Diesel,230000,12950
BMW 3 Series 330e Sport,2020,2.0,Hybrid,3,45465
Late 2015 BMW 3 Series Sport  Nav,2015,2.0,Diesel,114000,
BMW 318ci,2001,1.9,Petrol,112000,
330D MSPORT AUTO COUPE,2008,3.0,Diesel,187000,5950
Immaculate BMW,2010,2.0,Diesel,160000,4950
13 BMW 320 DIESEL AUTOMATIC,2013,2.0,Diesel,119000,
141 BMW 320 M-Sport 184Bhp X-Drive Auto FBMWSH,2014,2.0,Diesel,135039,15950
Cars,2015,4,days,Kerry,
BMW e36 msport,1997,1.9,Petrol,105000,
BMW 320D,2007,2.0,Diesel,265000,
BMW 320d Auto Msport Leather Seats,2008,2.0,Diesel,121500,6450
**MINT BMW 320D 2010 FSH** LOOK!,2010,2.0,Diesel,240000,3800
2013 bmw 320d m sport white,2013,2.0,Diesel,125000,
BMW 3 Series 320 (e90) D Efficient Dynamics,2011,2.0,Diesel,266093,9950
11 BMW 320d NCT &Tax,2011,2.0,Diesel,169000,4450
BMW E90 320D M-Sport,2010,2.0,Diesel,165000,5250
BMW 3-Series 2.0 330e M-SPORT HYBRID 2017,2017,2.0,Hybrid,60309,
bmw 3 series m sport automatic,2010,2.0,Diesel,90000,7450
2012 BMW 320D SE *M-PERFORMANCE KIT*,2012,2.0,Diesel,112000,
BMW 3-Series 2.0 330e HYBRID 250BHP 2017,2017,2.0,Hybrid,52918,
BMW F30 320d New 2016 Facelift Model low nox,2015,2.0,Diesel,130,
2009 BMW 320d SE *taxed and new nct,2009,2.0,Diesel,152,3995
2016 BMW 320D 2.0D M SPORT PLUS 190BHP AUTO,2016,2.0,Diesel,112000,
335d M Sport E90,2007,3.0,Diesel,125000,7750
2013 bmw 320D twin power turbo pearl white,2013,2.0,Diesel,228000,
10 320d new 2 yr nct,2010,2.0,Diesel,210000,5950
2016 BMW 3-Series SEZIBG,2016,2.0,Diesel,118635,
BMW 3-Series 2.0 318D SE ZLBG AUTO 2016,2016,2.0,Diesel,67000,19950
2014 318D M SPORT PERFORMANCE KIT,2014,2.0,Diesel,107000,
BMW 320D M-Performance,2013,2.0,Diesel,235000,
BMW 320D MSPORT AUTO,2012,2.0,Diesel,140000,
BMW 3 Series 330e Sport,2020,2.0,Hybrid,3,45465
BMW 3 Series 325 D F31 M Sport S/S 218BHP 5DR A,2014,2.0,Diesel,78000,19950
BMW 3 Series 320 (e90) D Exclusive ED 4DR,2011,116000,mi,3,6950
BMW 3 Series 320i SE Coupe (tag37),2008,2.0,Petrol,138417,3950
Late 2015 BMW 3 Series Sport  Nav,2015,2.0,Diesel,114000,
BMW 320D E90. Immaculately kept,2009,2.0,Diesel,85000,
BMW 3 Series 318 D SE // New NCT 09/21 // Full Cr,2013,2.0,Diesel,208441,10950
BMW 3-Series 2009 NCT 02/2021 1 Owner,2009,2.0,Diesel,127721,4790
2011 BMW 320D M-Sport Coupe,2011,2.0,Diesel,67000,
BMW 3-Series MSport2013,2013,2.0,Diesel,3,
BMW 3-Series 2013,2013,2.0,Diesel,96000,
BMW 3 Series  60  Automatic SAT NAV,2017,2.0,Diesel,61002,
BMW 3 Series 320d Sport Saloon,2019,2.0,Diesel,18599,39900
BMW 320d,2012,2.0,Diesel,205,
BMW 320d Full BMW Main Dealer Service History,2011,2.0,Diesel,138400,5795
BMW 3 Series 330e M Sport,2017,2.0,Petrol,55749,31995
2013 (132) 320 F30i EFF DYN BUSINESS AUTOMATIC NEW,2013,1.6,Petrol,110831,13450
2008 BMW 320d m-sport NCT TAX History,2008,2.0,Diesel,237500,
2004 BMW 3-Series Low Mileage,2004,1.8,Petrol,86302,
2011 BMW 3-Series 318 E90 D Exclusive Edition 4DR,2011,2.0,Diesel,191946,
2007 BMW 3-Series Low Mileage New NCT,2007,2.0,Diesel,195244,
BMW 3-Series 2016 M-Sport (Performace Pack),2016,2.0,Diesel,3,24950
BMW 3-Series 2012,2012,2.0,Diesel,58100,9500
2006 Bmw 316i NEW NCT Full leather interior!,2006,1.6,Petrol,180000,1350
2012 BMW 316 SE Black Excellent Condition,2012,2.0,Diesel,136000,7500
BMW 3 Series Automatic 316D SE Z3ap  Black Leathe,2015,2.0,Diesel,109998,
LOW MILEAGE1 OWNER WALNUT/LEATHER INTERIOR.,2017,2.0,Electric,28238,22850
BMW 3-Series 2013-AUTOMATIC-DIESEL,2013,2.0,Diesel,113000,13500
1997 Bmw 318,1997,1.8,Petrol,137500,
LOW MILEAGE1 OWNER LEATHER/WALNUT WOOD INTERIOR,2017,2.0,Hybrid,28234,22850
BMW 320 d m sport auto,2010,2.0,Diesel,142,
BMW 320d m sports mint condition,2011,2.0,Diesel,124,7650
***F30 BMW 335D X DRIVE*** MAY P/X,2013,3.0,Diesel,164000,
BMW 3 Series 318 F30 D SE 4DR,2016,2.0,Diesel,89308,18995
2017 BMW 316 D SPORT AUTO..FINANCE!!,2017,2.0,Diesel,14000,22950
BMW 3 Series D Se Zlbg 4dr Auto - 1995cc,2017,2.0,Diesel,68850,
BMW 318D SE TOURING EST .6 SPEED ( 2008),2008,2.0,Diesel,207000,4750
320d,2005,2.0,Diesel,123000,
BMW 3-Series 2013,2013,2.0,Diesel,99000,
Bmw,2012,2.0,Diesel,90000,8900
BMW 3-Series 2014,2014,2.0,Diesel,84000,
Bmw e90 M Sport 2011,2011,2.0,Diesel,3,
Bmw 320i,2005,2.0,Petrol,69000,
141 BMW 320d Touring M Sport Xdrive,2014,2.0,Diesel,155000,
BMW 316 MSPORT 1.6 NCT CHEAP TAX,2008,1.6,Petrol,128000,
2006 Bmw 320 msport Coupe-  only 55k miles,2006,2.0,Petrol,55000,1995
BMW 316,2000,1.9,Petrol,67000,
2006 320d M-sport,2006,2.0,Diesel,175000,
Bmw 320d 2005,2005,2.0,Diesel,3,
BMW 320d Efficiency Dynamics NEW NCT,2012,2.0,Diesel,145000,7000
BMW 320d Coupe M Sport Auto â‚¬64/wk,2013,2.0,Diesel,107455,13950
2011  BMW 318 Diesel NCT +Tax'd,2011,2.0,Diesel,148,
BMW 320D 2012,2012,2.0,Diesel,170000,8200
BMW 3 Series 330E M-sport Hybrid 252BHP Model Wit,2016,2.0,Hybrid,86744,21900
BMW 3 Series 330E M-sport Hybrid 252BHP Model Wit,2016,2.0,Hybrid,86744,21900
BMW 318d M-Sport****NCT 07/20****,2009,2.0,Diesel,141000,
2017 BMW 320d ed plus 8 speed automatic 41000 mls,2017,2.0,Diesel,39000,
Bmw f30 320d 2013,2013,2.0,Diesel,140000,0
BMW 3-Series 2015,2015,2.0,Diesel,79000,
BMW 318d SE Business Edition**NCT 04/20**,2009,2.0,Diesel,126000,
BMW 3 Series 318d SE Saloon,2017,2.0,Diesel,75000,24900
BMW 3 Series 330 E 2.0l Plug In Hybrid Sport Mode,2017,2.0,Hybrid,109111,
2013 BMW 320d M SPORT,2013,2.0,Diesel,125000,
BMW 316 MSPORT 1.6 NCT CHEAP TAX,2008,1.6,Petrol,128000,
BMW 318D SE 2.0  2008,2008,2.0,Diesel,190000,2950
BMW 316i,2007,1.6,Petrol,150000,2500
BMW 3 Series I SE Wn32 2DR Auto,2007,3.0,Petrol,90722,4950
BMW 320d M-Sport Automatic**NCT 12/21**,2011,2.0,Diesel,105222,
BMW 3-Series 2010,2010,2.0,Diesel,125000,5695
2007 BMW 3 Series msport Le Mans blue,2007,2.0,Diesel,166086,2800
BMW 3 Series 318d Sport M-performance Pack // 1 O,2016,2.0,Diesel,83000,18950
BMW 330E 2.0 PETROL // Plug In Hybrid // Low mil,2018,2.0,Hybrid,23900,29745
BMW 330d,2006,3.0,Diesel,198000,
BMW 3 Series 318i SE Saloon,2017,1.5,Petrol,34170,23950
BMW 3 Series 2013 BMW 318D M Sport M Performance,2013,2.0,Diesel,96318,
BMW 3 series,2005,2.0,Diesel,4,
2005 Bmw 320 d,2005,2.0,Diesel,295303,
E46 318ci,2003,2.0,Petrol,200000,
2013 BMW 320D MSPORT,2013,2.0,Diesel,151000,
Cars,2015,4,days,Kerry,
BMW 3-Series 320D Eff Dyn Business Edition 151,2015,2.0,Diesel,68000,16995
BMW 3 Series 330e Iperformance Phev 2seats Zleb 4,2017,2.0,Petrol,92855,
BMW 318 CI Convertible at Only 97k Mails,2005,2.0,Petrol,97000,
BMW 320D SE 2014,2014,2.0,Diesel,150000,
BMW 320D,2007,2.0,Diesel,346600,
BMW 3-Series 2012,2012,2.0,Diesel,133000,
BMW 320D Saloon,2008,2.0,Diesel,318089,
BMW 3-Series 2012,2012,2.0,Diesel,131000,
BMW 320d  Efficient Dynamics *low miles*,2012,2.0,Diesel,58300,10000
BMW 3 Series 320 D E92 M Sport 2DR Coupe New NCT,2008,2.0,Diesel,125721,5949
BMW 3-Series PLUG IN HYBRID / M SPORT AUTO,2017,2.0,Hybrid,34432,
BMW 3 Series M Sport,2008,2.0,Diesel,170000,5950
2013 BMW 320d M SPORT,2013,2.0,Diesel,125000,
BMW 3 Series 320D SE Sport Auto,2016,2.0,Diesel,99000,No Price
BMW 3 Series 320D Luxury Touring,2015,2.0,Diesel,116000,14900
BMW 3 Series 320d Sport,2019,2.0,Diesel,3,
BMW Coupe 3 series,2008,2.0,Petrol,165000,4999
BMW 3-Series 2013 f30 s m sport automatic,2013,2.0,Diesel,106000,15750
BMW 3 Series 3 Series D Sport (high Spec),2018,2.0,Diesel,34487,
BMW 320d,2011,2.0,Diesel,82000,11200
BMW 320 Low Taxâ‚¬200 New Fresh NCT,2011,2.0,Diesel,113,6880
2008 320D M sport BMW,2008,2.0,Diesel,149715,
BMW 3 Series 318d SE Saloon,2016,2.0,Diesel,47925,22995
Bmw 318 2008,2008,2.0,Petrol,136000,
BMW 318i Sport Estate,2018,1.5,Petrol,28500,
BMW 3 Series 330E M-sport  Hybrid Automatic  upgr,2016,2.0,Petrol,42000,23450
BMW 3 Series 330E M-sport  Hybrid Automatic  upgr,2016,2.0,Hybrid,42000,23450
BMW 3 Series 330E M-sport Hybrid Automatic  coral,2016,2.0,Petrol,35000,22450
BMW 3 Series 330E M-sport Hybrid Automatic  coral,2016,2.0,Hybrid,35000,22450
BMW 3 Series 330e M Sport 330e Phev Start/stop,2017,2.0,Hybrid,58547,27950
BMW 320d M-Sport Automatic**NCT 12/21**,2011,2.0,Diesel,105222,8950
BMW 318d M-Sport****NCT 07/20****,2009,2.0,Diesel,141000,5450
BMW 318d SE Business Edition**NCT 04/20**,2009,2.0,Diesel,126000,4950
2011 BMW 320d Efficient Dynamics,2011,2.0,Diesel,192908,7995
BMW 3 Series 320d SE Leather,2009,2.0,Diesel,118000,
2011 BMW 320 D Stunning Car 6- Speed SE,2011,2.0,Diesel,161324,
'10 BMW 320D M-Sport - exceptional example,2010,2.0,Diesel,4,8750
08 BMW 330D E92 M SPORT 231BHP COUPE LOW MILES,2008,3.0,Diesel,46000,8900
BMW 3-Series 2014 **IRISH CAR FROM NEW**,2014,2.0,Diesel,103000,
151 BMW 320 D ED BUSINESSLEATHERNAVALPINE WHITE,2015,2.0,Diesel,146000,
2015 BMW 3-Series 320d F30 M-Performance 152ðŸ’¥ðŸ’¥,2015,2.0,Diesel,98000,18900
BMW 320d m sport ( m performance kit),2012,2.0,Diesel,120000,
2011 BMW 320 D M SPORT PLUS EDITIONLEATHERFSH,2011,2.0,Diesel,159000,
BMW E92 325i Coupe SE,2010,3.0,Petrol,91000,7950
BMW 320 Huge Spec Model. 162 reg.,2016,2.0,Diesel,4,15950
151 BMW 316 D ES BUSINESS MEDIAM-PERFORMANCE KIT,2015,2.0,Diesel,137000,
BMW 3-Series 2008 Ci M SPORT COUPELOW MILEAGE,2008,2.0,Petrol,93250,5950
BMW 3 Series 2.0 320D Efficientdynamics Business,2015,2.0,Diesel,121000,10895
162 BMW 320 D SPORTM-PERFORMANCE KITALPINE WHITE,2016,2.0,Diesel,112000,
152 BMW 316D 20 SPORT Warranty,2015,2.0,Diesel,105000,15999
16 BMW 318D 2l Diesel Finance Warranty,2016,2.0,Diesel,100000,15999
11 BMW 320D MSPORT IMMACULATE*1 OWNER*New Nct*,2011,2.0,Diesel,130232,9950
06 BMW 320d 2 Litre Diesel New Nct,2006,2.0,Diesel,0,1175
BMW 3-Series 316D Low Mileage Finance Available,2012,2.0,Diesel,102434,10995
BMW 3 SERIES 320D EFFICIENTDYNAMICS FINANCE AVAILA,2016,2.0,Diesel,85825,16995
BMW 3 Series 318 Sport 4DR Auto(121),2016,2.0,Diesel,90803,17995
BMW 320 Series,2015,2.0,Diesel,75000,15500
BMW 320d M-SPORT,2011,2.0,Diesel,0,
BMW 3 Series 316D M-performance  55 PER Week,2013,2.0,Diesel,83477,15490
BMW 3 Series 316D SE  49 PER Week,2013,2.0,Diesel,87329,13250
BMW 330E AUTO IVORY LTHR PLUG IN ELECTRIC,2017,2.0,Hybrid,68000,21950
2004 Bmw 320,2004,2.0,Diesel,300000,
BMW 3-Series 320d EfficientDynamics 4dr Step Auto,2015,2.0,Diesel,64600,11450
2012 BMW 320D F31 SPORT TOURER,2012,2.0,Diesel,70000,12950
08W7025 BMW320,2008,2.0,Diesel,159000,3250
BMW 3 Series 318d Sport Saloon 175 Per Week,2020,2.0,Diesel,1,47527
BMW 3 Series 318d Sport Manual  168 Per Week,2020,2.0,Diesel,1,45449
BMW 3 Series 318 SE Zlba 4DR,2017,1.5,Petrol,20192,23950
BMW 3 Series 330e M Sport  177 Per Week,2020,2.0,Hybrid,1,47916
320D SPORT LINE LOW KMS,2013,2.0,Diesel,54000,14950
BMW 3 series E90 MSPORT,2011,2.0,Diesel,80000,8250
06 bmw318i taxed and tested mint condition,2006,2.0,Petrol,100,
BMW 3 Series 316d Sport Saloon,2017,2.0,Diesel,54999,24900
BMW 3 Series 316 D F30,2012,2.0,Diesel,181000,8950
BMW 318D 2009 New Timing chain NCT 11/20 Tax 6/20,2009,2.0,Diesel,170000,4250
Bmw series 3 m sport touring,2009,2.0,Diesel,122000,
BMW 320D Coupe NCT 10/20,2007,2.0,Diesel,98000,6000
2013 BMW 3-SERIES AUTOMATIC 1 YEAR WARRANTY,2013,2.0,Diesel,123600,11900
Bmw 320cd msport,2004,2.0,Diesel,204,
2016 Bmw 3 series m sport,2016,2.0,Diesel,108000,
2009 BMW 3 SERIES COUPE - DIESEL - AUTO,2009,2.0,Diesel,120000,6600
BMW 3 Series 316d 2.0 Litre Manual,2010,2.0,Diesel,144000,4999
BMW 320d,2011,2.0,Diesel,141000,5300
2012 BMW 3-Series 320d Estate Msport Alloys,2012,2.0,Diesel,152000,7995
2014 BMW 3-SERIES ** ESTATE** HIGH SPEC**,2014,2.0,Diesel,5,
2014 BMW 320D FULL LEATHER,2014,2.0,Diesel,92000,13999
BMW 3-Series 2012 320D ESTATE,2012,2.0,Diesel,5,
2012 BMW 320D IRISH REG,2012,2.0,Diesel,134000,
131 BMW 320D SE,2013,2.0,Diesel,130000,
BMW 318i 2.0 AUTOMATIC 2007,2007,2.0,Petrol,157000,1999
2013 BMW 320d M SPORT,2013,2.0,Diesel,125000,
BMW 330 D  X-DRIVE M SPORT,2013,3.0,Diesel,134690,17950
BMW 3 Series 320i M Sport  175 Per Week,2020,1.0,Petrol,1,47279
2010 BMW 318i SE AUTO/Leather/Full History,2010,2.0,Petrol,75310,6950
BMW 3 Series 318 Sport Zlsg 4DR Auto,2017,2.0,Diesel,56000,24995
320D 2.0 SE EFD 177BHP NEW NCT & TAX & SERVICE,2010,2.0,Diesel,128000,
BMW 3 Series 316 SE Z3ap 4DR Auto,2013,2.0,Diesel,88186,
BMW 3 Series 330e --M Sport Plus--plug In Hybrid,2017,2.0,Hybrid,65357,33950
BMW 330E Sport Plug-In Hybrid Auto 252BHP,2016,2.0,Hybrid,146000,16000
2014 BMW 3-Series 318d Msport Spec Alloys,2014,2.0,Diesel,97577,14495
BMW 3 Series 316d Sport,2016,2.0,Diesel,77249,21995
BMW 3 Series 316d SE,2017,2.0,Diesel,59546,23995
2005 BMW 320d,2005,2.0,Diesel,219400,
BMW 320 D,2008,2.0,Diesel,240000,
BMW 3-Series 2013 M-Sport Auto F30,2013,2.0,Diesel,118000,14999
2012 BMW 320D 2.0 SPORT PLUS - EDITION,2012,2.0,Diesel,99000,
2011 BMW 320D 2.0 SPORT PLUS - EDITION,2011,2.0,Diesel,102000,
BMW 3 Series 320d M Sport Saloon,2019,2.0,Diesel,11999,42995
BMW 320 diesel convertible,2005,2.0,Diesel,180000,
LOW MILEAGEM-SPORT1 OWNERSAT NAVBLUETOOTH.,2015,2.0,Diesel,31000,24500
BMW 3 Series 330e Sport Saloon,2017,2.0,Hybrid,38507,30995
LOW MILEAGEM-SPORT1 OWNERSAT NAVBLUETOOTH.,2015,2.0,Diesel,31000,24500
152 BMW 320d M Performance - Quick Sale IRL Reg,2015,2.0,Diesel,127000,
BMW f30 Msport,2012,2.0,Diesel,177000,10500
BMW N47 Timing chains Simpson Garage,2008,2.0,Diesel,5,
BMW 3 Series 318D Sport Automatic With Black Leat,2016,2.0,Diesel,115116,17449
2015 BMW 318D BUSINESS EDITION 1 YEAR WARRANTY,2015,2.0,Diesel,141900,12900
BMW 318ci,2003,2.0,Petrol,138000,
BMW 3-Series 2007 320D M-SPORT AUTOMATIC,2007,2.0,Diesel,182415,
131 Renault Fluence,2007,2.0,Diesel,140000,
BMW 3 Series BMW 316 Sport 316d Start/stop - Buy,2014,2.0,Diesel,141133,13950
BMW 3 Series BMW 318 E90 I Exclusive Edition 4D -,2011,2.0,Petrol,92800,7500
2008 BMW 3 Series,2008,2.0,Petrol,152670,
2016 BMW 320D Efficient Dynamics Plus,2016,2.0,Diesel,108000,
BMW  3series,2008,2.0,Diesel,6,
BMW F30 330D M-Sport Low Mileage,2013,3.0,Diesel,111000,18650
BMW 320 msport,2008,2.0,Diesel,180000,
BMW 330E Sport Plug-In Hybrid Auto 252BHP,2016,2.0,Hybrid,146000,16000
BMW 318I Fresh NCT,2008,2.0,Petrol,128600,2600
BMW 3 Series 3.0 335D Xdrive M Sport 4d 308 BHP,2016,3.0,Diesel,61000,
BMW 3 Series 320d Luxury Low Miles Car Great Spec,2012,2.0,Diesel,74000,
151 BMW 320D MSPORT AUTO + HUGE SPEC- RARE CAR,2015,2.0,Diesel,52400,No Price
Part worn tyres,1989,2.5,Petrol,227000,
BMW 3 SERIES 316D ES,2012,2.0,Diesel,133118,9950
BMW 3 Series 318d SE Saloon,2020,2.0,Diesel,6,47150
BMW 320 (E90) D efficient dynamics,2010,290000,km,6,
2013 Bmw 316,2013,2.0,Diesel,148000,
Bmw 320 f30,2012,2.0,Diesel,150000,10500
BMW 320d Efficient Dynamics Business,2014,2.0,Diesel,6,14900
2011 BMW 320d Tax/Test,2011,2.0,Diesel,211000,
Bmw m sport 320+ m performance,2013,2.0,Diesel,139000,
BMW 3 Series 335d Xdrive M Sport,2016,3.0,Diesel,27000,
BMW 3 Series 320 F34 D Luxury Gran Turismo,2014,2.0,Diesel,160000,10950
2008 Bmw 320,2008,2.0,Petrol,103000,
BMW 3 Series 316 D ES Edition Zji1 4DR,2011,2.0,Diesel,250000,6500
Bmw f30 320d m sport (auto),2012,2.0,Diesel,129000,
**â‚¬15950**BMW 320d F30 M-Sport Plus XDrive 184Bhp,2013,2.0,Diesel,95000,1595
BMW 318d M-Sport 2010,2010,2.0,Diesel,130000,6945
SOLD,2008,2.0,Diesel,6,
BMW 316d F30,2012,2.0,Diesel,166000,8200
BMW 3-Series Imola red,2010,2.0,Diesel,186,3499
BMW 3 Series 316D ES Zj27 4DR,2011,2.0,Diesel,73323,9450
320 D,2010,2.0,Diesel,140,
BMW 318d 2.0 diesel auto swap,2012,2.0,Diesel,6,
BMW 3 Series 330e M Sport Iperformance  estoril B,2018,2.0,Hybrid,11500,
2016(162) *BMW 32O D SPORT*NEW MODEL*SAT NAV*MINT*,2016,2.0,Diesel,124000,12850
BME 320 CD,2004,2.0,Diesel,169000,
BMW 320D M-Sport New NCT 1/22,2011,2.0,Diesel,97000,
BMW 3 Series 330e M-sport Hybrid  full Leather /,2018,2.0,Hybrid,43221,
BMW 3 Series 318I SE Z3sd 4DR,2006,2.0,Petrol,223212,No Price
BMW 3 Series  14  320d ED Plus,2016,2.0,Diesel,93811,
BMW 3 Series  10  320d M Sport,2017,2.0,Diesel,29986,
BMW 3 Series  96  318d Sport,2017,2.0,Diesel,63871,
BMW 325i Coupe auto,2007,2.5,Petrol,173000,
BMW 3 Series 330i M Sport Saloon,2019,2.0,Petrol,19848,45995
BMW 3 Series 320I SE Z3s7 4DR,2005,2.0,Petrol,120452,No Price
2010 BMW 318D SE Automatic,2010,2.0,Diesel,164000,6495
2013 IRISH BMW 320D ED M-PERFORMANCE KITTED,2013,2.0,Diesel,156000,
BMW 3 Series GT 330D M Sport Auto Call 4606070,2016,3.0,Diesel,54725,
BMW 318ci red leather interior CSL alloys,2000,1.9,Petrol,6,
2015 BMW 3-Series 318d M Sport 5dr Step Auto,2015,2.0,Diesel,73651,
2013 BMW 3 Series 318D M-Sport 4dr,2013,2.0,Diesel,83789,
2005 BMW 318 SE,2005,2.0,Petrol,6,
BMW 3-Series 2013 M-Sport Step M-performance,2013,2.0,Diesel,66000,
BMW 3 Series 318i Auto Sport  AA Approved  1 Owne,2018,1.5,Petrol,39000,25999
BMW Msport 3series,2010,2.0,Diesel,155000,5000
2002 Bmw 320 diesel,2002,2.0,Diesel,151000,
BMW 3 Series 320D Exclusive Edition,2011,2.1,Diesel,201139,10950
â€˜15 BMW 320D M Sport (Low Nox),2015,2.0,Diesel,6,
BMW e90  Msport,2007,2.0,Petrol,176,
2012 bmw 320 touring sport manual,2012,2.0,Diesel,87000,
BMW 3-Series 2014,2014,2.0,Diesel,144000,14950
2010 bmw 320d nct oct 2021,2010,2.0,Diesel,183579,
2910 BMW 320D SE,2010,2.0,Diesel,315000,4250
BMW 3-Series m sport2015,2015,2.0,Diesel,55000,11950
BMW 320d 3-Series F30 2013,2013,2.0,Diesel,138000,8999
2006 Bmw 316i NEW NCT Full leather interior!,2006,1.6,Petrol,180000,1350
Bmw 320D msport,2010,2.0,Diesel,6,
BMW 3 Series 2.0 320D Touring Auto Efficient Dyna,2016,2.0,Diesel,108742,14950
BMW 3-Series 2017 320d M Sport,2017,2.0,Diesel,82000,
08 320D M Sport New Nct,2008,2.0,Diesel,157000,4200
2016 BMW 320 MSport (162),2016,2.0,Diesel,93000,
BMW 320i. Racing car project,2004,2.2,Petrol,6,
Bmw 316 i,2006,1.6,Petrol,205000,
BMW 3 Series 330e M Sport Hybird,2016,2.0,Electric,50000,24995
BMW 320D DYNAMICS SPORT/ M Performance/TOP SPEC,2016,2.0,Diesel,117000,15995
BMW 320 SE AUTOMATIC // NCT 09/2020,2008,2.0,Petrol,164000,5995
Bmw 320d e92 nct and tax,2008,2.0,Diesel,190359,
BMW 3-Series 2012 320d Efficient Dynamics,2012,2.0,Diesel,89000,
BMW 3 Series 318 SE Saloon,2014,2.0,Diesel,77000,17900
BMW 3 Series 316 Sport Zlsf 4DR,2016,2.0,Diesel,77873,20995
BMW 320d m sport xdrive shadow edition,2018,2.0,Diesel,45000,
BMW 320 E90 EfficientDynamics Black,2010,2.0,Diesel,240000,
BMW 3-Series 2015 330D M sport STR DEAL SPECIAL,2015,3.0,Diesel,49000,25500
2010 Bmw e92 320d ---M-SPORT---,2011,2.0,Diesel,98000,
BMW 330D MSPORT,2014,3.0,Diesel,110000,17995
2012 Bmw 320D Efficient Dynamics,2012,2.0,Diesel,126000,12000
2004 BMW 325CI Convertible "NCT&TAX",2004,2.0,Petrol,135000,
BMW e46 325i,2001,2.5,Petrol,156000,
BMW 316i M SPORT WITH SUN ROOF MINT,2008,1.6,Petrol,7,
BMW 3 Series 320d M Sport,2017,2.0,Diesel,73800,26995
2013 132 BMW 320 D M SPORT *VRT PAID*,2013,2.0,Diesel,113000,12450
BMW 3-Series 320D Sport 2017,2017,2.0,Diesel,180000,
BMW 320d MSport Coupe Automatic Leather Seats,2008,2.0,Diesel,121500,6450
BMW 3 Series January Sale PAN Roof GT Auto,2016,2.0,Diesel,58686,24495
2015 BMW 3-Series 320d F30 M-Performance 152ðŸ’¥ðŸ’¥,2015,2.0,Diesel,98000,18900
BMW 3 Series 330E M-sport Hybrid 252BHP Model Wit,2016,2.0,Hybrid,59900,
BMW 3 Series 330E M-sport Hybrid 252BHP Model Wit,2016,2.0,Hybrid,59900,
Rare Bmw hard top manual,2008,2.0,Diesel,91000,11900
BMW 3-Series 2015  M-Sport,2015,2.0,Diesel,113000,15950
08 320d msport,2008,2.0,Diesel,157000,
BMW 318i 2008,2008,2.0,Petrol,115000,2600
08 BMW 318 i-,2008,2.0,Petrol,144200,2300
2011 BMW 320d Efficient Dynamics (ALLOYS),2011,2.0,Diesel,87260,
BMW 3 Series 320d SE Auto,2013,2.0,Diesel,121126,13950
BMW 320d coupe.(ENGINE CEASED),2007,2.0,Diesel,140000,700
BMW 3 Series 330e Sport,2016,2.0,Hybrid,150000,20995
BMW 3 Series 320 D E92 M Sport 2DR,2013,2.0,Diesel,99000,13745
BMW 3 Series 330e Sport,2016,2.0,Hybrid,18807,29995
BMW 3 Series 320d Xdrive M Sport,2019,2.0,Diesel,9751,54995
2007 BMW 325I Coupe. Auto,2007,2.5,Petrol,128123,
BMW 3 Series 320d M Sport Touring,2014,2.0,Diesel,82330,15950
BMW 3 seeies 2.0 216d es,2014,2.0,Diesel,90000,
2015 BMW 3 Series 320d EfficientDynamics 4dr,2015,2.0,Diesel,67000,
BMW 320i SE WA 72 Auto Sports Coupe,2008,2.0,Petrol,179,2750
BMW 320 SE TOURING,2008,2.0,Petrol,176000,4995
132 BMW 320D M-SPORT,2013,2.0,Diesel,78000,
BMW 3 Series 320 M Sport 320d Step Auto Start/stop,2015,2.0,Diesel,107000,19950
BMW 320d,2005,2.0,Diesel,190000,
2012 Bmw 320,2012,2.0,Diesel,144000,
BMW 3-Series 2005 â‚¬1490 AUTOMATIC DIESEL,2005,2.0,Diesel,190000,1490
BMW 3 Series 2.0 330E Hybrid Auto SE Spec,2016,2.0,Hybrid,71770,18950
BMW 3 Series 330e,2020,2.0,Hybrid,7,52153
2013 bmw f30 320d  x drive m sport,2013,2.0,Diesel,47000,
BMW 320D E90. Immaculately kept,2009,2.0,Diesel,85000,
BMW 3-Series 2008 1.6 PETROL â‚¬2990,2008,1.6,Petrol,162000,2990
Bmw e90,2007,2.0,Diesel,320000,
BMW 318d M-sport 2011,2011,2.0,Diesel,128000,5999
BMW 3 Series December 2016 BMW 330E M Sport M Per,2016,2.0,Hybrid,89578,15450
BMW 3 Series 2013 BMW 320D M Sport M Performance,2013,2.0,Diesel,49694,13450
BMW 3 Series BMW 330e Phev Sport E-drive Auto,2017,2.0,Hybrid,63700,22950
2013 320d bmw efficient dynamics 87k cheap vrt,2013,2.0,Diesel,87000,
BMW 3 Series 320d Sport Saloon,2019,2.0,Diesel,14122,40950
BMW 3 Series 318d M Sport Shadow Edition Auto,2018,2.0,Diesel,24000,33950
162 BMW 330e M Sport PLUS,2016,2.0,Hybrid,51000,23900
BMW 3 Series 330e M Sport Saloon,2020,2.0,Hybrid,8,49984
BMW 3 Series 318 E90 D M Sport,2009,2.0,Diesel,133760,7950
2005 bmw 330d M sport  auto,2005,3.0,Diesel,169000,
2016 (162) 320D MSport+ Shadow Edition,2016,2.0,Diesel,52000,
Bmw F30 Efficiency dynamic M performance,2012,2.0,Diesel,274000,9000
2008 BMW 320D M SPORT EDITION,2008,2.0,Diesel,8,
Bmw 320d 2001 for sale,2001,2.0,Diesel,8,
BMW 320d m sport ( m performance kit),2012,2.0,Diesel,120000,
330D MSPORT AUTO LOW KMS,2014,3.0,Diesel,54000,19950
BMW 3 Series 2013 318d M Sport,2013,2.0,Diesel,76000,
M sport,2007,2.0,Diesel,200,
BMW 318d,2007,2.0,Diesel,208000,
BMW 3 series 2006,2006,2.0,Petrol,120000,2500
2013 bmw 320d msport f30,2013,2.0,Diesel,112000,
2006 BMW 3 Series,2006,2.0,Petrol,154612,
BMW 320d coupe M-Sport,2005,2.0,Diesel,141000,2600
BMW 318 Series Auto low Tax,2010,2.0,Petrol,92141,
2015 BMW 316D M sport performance kit,2015,2.0,Diesel,127000,
BMW 3 Series M Sport,2008,2.0,Diesel,170000,5950
BMW 318i,2007,2.0,Petrol,140000,
BMW e91 m sport.,2010,2.0,Diesel,115000,
2011 BMW 318 Diesel NCT +Tax'd,2011,2.0,Diesel,150,
BMW 320D M-Sport 2009 *NCT Today 03/21*,2009,2.0,Diesel,160000,4950
Bmw,2006,2.0,Diesel,164000,
2009 Bmw318d M sport,2009,2.0,Diesel,9,
Bmw E46,2005,2.2,Petrol,136607,4450
BMW 3 Series M Sport,2008,2.0,Diesel,170000,5950
BMW 3-Series 2008 2.0 dsl auto Nct 8/20 low tax,2008,2.0,Diesel,112000,
BMW E46 Coupe,2005,2.0,Petrol,92000,
BMW 3 Series M-sport--t.chain Done,2009,2.0,Diesel,198000,5250
BMW 318 diesel,2011,2.0,Diesel,9,
2008 Bmw 320d e92 Nct'd automatic spotless,2008,2.0,Diesel,165000,
BMW 320d Coupe,2007,2.0,Diesel,206000,
BMW  3 Series.e90.318i   (won't start),2007,2.0,Petrol,149000,
BMW 3 Series  2.0 320D Efficient Dynamics Plus Ed,2016,2.0,Diesel,99111,15950
BMW 2009  320D  MSPORT COUPE NCT 2021 E92,2009,2.0,Diesel,180000,
Bmw M-Sport,2006,2.0,Diesel,170000,
BMW 318D 2009,2009,2.0,Diesel,179515,4500
320d F30 msport BMW,2014,2.0,Diesel,127000,
2012 BMW 320D Auto M Performance Kit VRT PAID,2012,2.0,Diesel,123000,
BMW 3-Series320 d sun roof 2010,2010,2.0,Diesel,120000,4950
BMW 3 Series 2.0 330E Sport Spec,2017,2.0,Hybrid,74255,21950
BMW 316d,2011,2.0,Diesel,118500,
320d Touring,2013,2.0,Diesel,180000,
BMW 3 Series 318d M Sport Saloon,2017,2.0,Diesel,59913,24975
318i for breaking,2007,2.0,Petrol,175000,
BMW 330d XDrive,2013,3.0,Diesel,84450,15750
BMW 3-Series 2014 **IRISH CAR FROM NEW**,2014,2.0,Diesel,103000,
BMW 316,2004,1.8,Petrol,106000,
BMW 3-Series 2007,2007,1.6,Petrol,125281,
Bmw 320i se 4dr saloon 2008 superb,2008,2.0,Petrol,88000,
2015 BMW 316D M sport performance kit,2015,2.0,Diesel,127000,
BMW 3 Series 318d SE Saloon,2018,2.0,Diesel,19785,26900
316 BMW,2007,1.6,Petrol,227062,3250
BMW 3 Series 318d Sport Touring,2018,2.0,Diesel,21276,30900
BMW 3-Series 2008 PROBLEM WITH 1ST GEAR,2008,2.0,Petrol,109000,
BMW 3-Series 2007,2007,2.5,Petrol,100000,2995
141 BMW 320D 6SPEED M SPORT +  M PREFORMANCE KIT,2014,2.0,Diesel,124113,
***2003 Bmw e46 318i convertible only 69000 mls**,2003,2.0,Petrol,69000,
BMW 3 Series 316d ES Manual,2012,2.0,Diesel,98420,14950
BMW 3 series320d M Sport 4dr Step Auto Business M,2015,2.0,Diesel,91000,
2015 BMW 320D M SPORT,2015,2.0,Diesel,112000,13250
162 BMW 330e Sport Hybrid *TINY MILEAGE*,2016,2.0,Hybrid,34400,21250
BMW e46 2l 210hp,2002,2.0,Diesel,150000,
2006 BMW 320i AUTOMATIC NCT 2021 tax 02/2020,2006,2.0,Petrol,10,
13 BMW 316D 116BHP ES FULL LEATHER NCT 01/2021,2013,2.0,Diesel,89000,10499
BMW 3 Series 320 F30 D Efficient Dynamics,2013,108000,mi,10,10950
BMW 3 Series  2.0 320D SE Spec,2013,2.0,Diesel,43186,11950
BMW 3 Series 318D SE 4DR Automatic SAT NAV Leather,2016,2.0,Diesel,55924,18950
BMW 320I SE,2007,2.0,Petrol,76450,2250
2007 Bmw 320 Diesel,2007,2.0,Diesel,220000,
BMW 3 Series 316 2.0 D F30 SE 4DR,2014,2.0,Diesel,114000,15500
BMW 320d M Sport -  2004,2004,2.0,Diesel,98000,1000
BMW 3-Series 320d Luxury,2012,2.0,Diesel,84900,11500
BMW 3 Series 320 D E92 M Sport 2DR Auto,2010,2.0,Diesel,140989,
2006 Bmw 316i NEW NCT Full leather interior!,2006,1.6,Petrol,180000,1350
BMW 330d XDrive,2013,3.0,Diesel,84450,15750
Bmw e46 320cd msport,2004,2.0,Diesel,10,
08 BMW 2.0 diesel,2008,2.0,Diesel,95000,
BMW 3 Series 330e M Sport,2020,2.0,Hybrid,10,52153
BMW 3 Series 318d Sport,2014,2.0,Diesel,83200,
BMW 3 Series 325Ci SE Coupe // Www.fmdmotors.ie /,2007,2.5,Petrol,99000,
BMW 3 Series 335i SE Cabrio // Www.fmdmotors.ie /,2007,3.0,Petrol,102000,
BMW 3 Series 318d M Sport,2011,2.0,Diesel,150000,
BMW 318D Msport,2009,2.0,Diesel,226000,
BMW 330ci,2004,3.0,Petrol,81000,
2015 Grey Bmw 320D ED Mperformance Styling!!,2015,2.0,Diesel,125000,
BMW 3 Series 318 SE Zlbg 4DR Auto,2017,2.0,Diesel,47195,No Price
BMW 320D ES,2008,2.0,Diesel,111000,
2012 BMW 320d SE (19" ALLOYS M PERFORMANCE KIT),2012,2.0,Diesel,117000,
BMW 320d Automatic Sports MPerformance 2 Yrs NCT,2014,2.0,Diesel,76000,
BMW 3 Series 320d Sport Saloon,2019,2.0,Diesel,12738,39995
Nct today 3/21tax1.6tdsclassic insm3 alloys,1996,1.7,Diesel,200,
BMW 525,2008,3.0,Petrol,173000,
2013 BMW 320D M Sport with M Performance Kit,2013,2.0,Diesel,119000,17600
2012 BMW 3-Series 320d F30 M-Performance,2012,2.0,Diesel,98000,13900
BMW 3-Series 2010,2010,2.0,Diesel,152000,
BMW 3 Series 318 Shadow Edition 2.0tdi Auto -  43,2018,2.0,Diesel,47110,31975
BMW 3 Series  sold sold sold sold sold sold,2010,2.0,Diesel,155000,
BMW 3 Series 330e Sport Auto,2020,2.0,Hybrid,11,No Price
2012 BMW 320D,2012,2.0,Diesel,179352,7350
BMW 330D drift car,2002,2.9,Diesel,11,
162 BMW 330 E DRIVE AUTOMATIC M SPORT,2016,2.0,Hybrid,37000,
Car,2008,2.0,Diesel,11,3200
BMW 320D M-Sport New NCT 1/22,2011,2.0,Diesel,97000,
BMW 320D Saloon,2008,2.0,Diesel,318089,
BMW 3 Series 330e M Sport,2020,2.0,Hybrid,11,49649
E46 estate nct tax,2003,2.0,Diesel,242000,
BMW 3 Series 318D SE Model With M-sport Alloy Whe,2014,2.0,Diesel,82632,12750
BMW 330D Auto Msport Cheap Tax & Long NCT,2010,3.0,Diesel,0,8950
Bmw 320d touring,2005,2.0,Diesel,190000,
2015 (152) BMW 320d ED Plus,2015,2.0,Diesel,79000,
152 BMW 320d M Sport  with M Performance KitðŸ’¥ðŸ’¥,2015,2.0,Diesel,109000,21800
BMW 3 Series 316 2.0 D F30 Sport 4DR,2012,2.0,Diesel,136705,
BMW 325i coupe Fresh NCT,2007,2.5,Petrol,130000,
Bmw F30 320d m sport 152 final price drop,2015,2.0,Diesel,79500,
BMW 3 Series 316d SE Saloon,2012,2.0,Diesel,135162,15950
BMW 320 CD convertible,2005,2.0,Diesel,150000,2500
141 BMW 320 M-Sport 184Bhp X-Drive Auto FBMWSH,2014,2.0,Diesel,135039,15950
BMW 320 D coupe E92 blue 270e tax,2008,2.0,Diesel,244435,3500
BMW 3-Series 320d EfficientDynam 2015 ONLY â‚¬70 PW,2015,2.0,Diesel,80000,
152 BMW 320d Business Edition,2015,2.0,Diesel,89000,
2007 Bmw 320,2007,2.0,Diesel,280000,
BMW 318D,2008,2.0,Diesel,122100,
BMW 3 Series 316D SE  49 PER Week,2012,2.0,Diesel,124122,10990
BMW 3 Series 318 SE 2.0 Diesel  scrappage Deal,2016,2.0,Diesel,69111,18450
BMW 3 Series 320d Xdrive M Sport,2020,2.0,Diesel,15,65852
BMW 316D SPORT // LOW MILES // 1 OWNER,2013,2.0,Diesel,61000,12950
2003 BMW 1 SERIES Msport *NewNct,2003,2.0,Petrol,71713,
06 Bmw 318i Es Z3sc For Sale,2006,2.0,Petrol,90122,
BMW 320d M Sport Saloon  (G20) - 191,2019,2.0,Diesel,8745,39990
Bmw 320d sell or swap for automatic,2009,2.0,Diesel,11,
BMW E90 318D,2006,2.0,Diesel,250000,
2013 bmw f30 320d  x drive m sport,2013,2.0,Diesel,47000,
BME 320 CD,2004,2.0,Diesel,169000,
BMW 3 Series 320d MS Xdrive,2016,2.0,Diesel,37669,28995
2012 BMW 320D EFFICIENT DYNAMICS,2012,2.0,Diesel,116000,
BMW 3 Series 318D SE Auto,2014,2.0,Diesel,128541,15995
BMW 3 Series 320d SE Saloon,2016,2.0,Diesel,88512,23450
2007 BMW 320D COUPE NCT 07/2020 Low miles,2007,2.0,Diesel,101000,3995
2006 BMW 325i - M-Sport Kit. new NCT and 6M Tax,2006,2.5,Petrol,163000,
Car,2011,2.0,Diesel,154976,
BMW 3 Series 316d Sport Saloon,2018,2.0,Diesel,35455,29900
BMW 320D Business Efficientdynam,2015,2.0,Diesel,115000,15750
BMW 3 Series 330d M Sport Saloon,2016,3.0,Diesel,50117,28950
BMW 3series,2013,2.0,Diesel,156,
BMW 3-Series 2.0 330E MSPORT  2018 ONLY â‚¬130 PW,2018,2.0,Hybrid,30000,29750
BMW e36,1998,1.6,Petrol,106000,
BMW 3-Series 2010,2010,2.0,Diesel,121000,
2013 BMW 320d M-Performance,2012,2.0,Diesel,116000,
2008 Bmw 320d Msport New Nct..,2008,2.0,Diesel,247000,4950
Bmw 318i M sport New  NCT SWAP SWAP,2007,2.0,Petrol,219963,2050
BMW 325 convertible,1999,2.5,Petrol,138000,
Bench drill,2005,2.0,Electric,12,
2014 BMW 320D 2.0 M SPORT 184BHP // FINANCE /,2014,2.0,Diesel,84059,16995
2017 BMW 330e 2.0 HYBRID M SPORT AUTO // FINANCE,2017,2.0,Hybrid,79700,
2016 BMW 320D SE STEP EDITION 190BHP // FINANCE,2016,2.0,Diesel,101000,
2015 BMW 320D 2.0 SE STEP AUTOMATIC // FINANCE,2015,2.0,Diesel,117000,
BMW 320d Efficient Dynamics 2010,2010,2.0,Diesel,170000,
BMW 3 Series 2.0 320D M Sport 2d 175 BHP,2008,2.0,Diesel,127000,
BMW 3 Series 2.0 320D Xdrive M Sport 4d 181 BHP,2013,2.0,Diesel,104000,
BMW 320 BUSINESS EDITION 181 BHP,2011,2.0,Diesel,206000,7400
BMW 320D Saloon,2008,2.0,Diesel,318089,
Late 2015 BMW 3 Series Sport  Nav,2015,2.0,Diesel,114000,
BMW 320D X-Drive - M Sport Plus Package,2014,2.0,Diesel,125000,16999
BMW 3 Series January Sale PAN Roof GT Auto,2016,2.0,Diesel,58686,24495
BMW 3 Series 316 2.0 D F30 ES 4DR,2015,2.0,Diesel,78336,15995
BMW 3-Series 2013,2013,2.0,Diesel,238932,9950
BMW 3 Series 318 F30 D Luxury,2013,2.0,Diesel,128149,13900
BMW 3 Series 320d M Sport,2020,2.0,Diesel,59,56315
BMW 318D BUSINESS EDITION // BMW SERVICE HISTORY,2010,2.0,Diesel,112000,8750
BMW 3 Series 320D M Sport Coupe,2009,2.0,Diesel,134000,3945
BMW 3 Series 318D M Sport 141BHP,2015,2.0,Diesel,95000,
BMW 3 Series 320D Efficientdynamics 161BHP,2012,2.0,Diesel,100000,7545
BMW 3 Series 320D Sport Saloon -  94 PER Week,2016,2.0,Diesel,79100,22888
BMW 3 Series 320d Sport Saloon,2019,2.0,Diesel,21229,39900
BMW 320D F30 M-Performance Kitted,2012,2.0,Diesel,134000,
BMW 3-Series 2011,2011,2.0,Diesel,234000,6500
BMW 3 Series 318 D M-sport Auto Car Num  147,2015,2.0,Diesel,66371,
BMW 3 Series 330E M-sport Hybrid 252BHP Model //,2016,2.0,Hybrid,58590,20900
BMW 3 Series 330E M-sport Hybrid 252BHP Model //,2016,2.0,Hybrid,58590,20900
BMW 3 Series 318 SE,2020,2.0,Diesel,26,
BMW 3 Series F31 D M Sport 5DR Auto - Car Num  398,2014,2.0,Diesel,81766,
BMW 3 Series 330E Hybrid M-sport Car Num  124,2016,2.0,Electric,50680,
BMW 3 Series 320D Sport Touring Car Num  B,2014,2.0,Diesel,95072,
BMW 3 Series 330E M-sport Hybrid 252BHP Model //,2018,2.0,Hybrid,26000,26900
BMW 3 Series 330E M-sport Hybrid 252BHP Model //,2018,2.0,Hybrid,26000,26900
BMW 3 Series 330E M-sport Hybrid 252BHP Model Wit,2016,2.0,Hybrid,65000,23750
BMW 3 Series 330E M-sport Hybrid 252BHP Model Wit,2016,2.0,Hybrid,65000,23750
BMW 3 Series 330D M-sport Saloon Car Num  198,2016,3.0,Diesel,39704,
BMW 3 Series 318i ES Manual,2008,2.0,Petrol,102872,8950
320D SPORT LINE LOW KMS,2013,2.0,Diesel,54000,14950
BMW 3 Series 316i,2007,1.6,Petrol,195996,
BMW 3 Series 316d SE Saloon,2018,2.0,Diesel,36790,28975
BMW 3 Series 320d Sport Saloon,2020,2.0,Diesel,3000,46950
320 d M Sport 184bhp,2011,2.0,Diesel,161500,
BMW 3 Series 320d Sport Saloon,2019,2.0,Diesel,4291,39900
BMW 318 diesel,2009,2.0,Diesel,237000,2650
2007 Bmw 316,2007,1.6,Petrol,200000,
2005 Bmw 320,2005,2.0,Diesel,192000,
BMW 3 Series 318i Sport,2016,1.5,Petrol,98933,
BMW 3 Series 320 D E92 SE 2DR,2010,2.0,Diesel,98780,
BMW 3 Series 330E M-sport Hybrid 252BHP Model //,2016,2.0,Hybrid,66270,
BMW 3 Series 330E M-sport Hybrid 252BHP Model //,2016,2.0,Hybrid,66270,
2007 BMW 3-Series**FULL LEATHER**,2007,2.0,Petrol,181830,2995
Bmw e36 convertible,1998,1.8,Petrol,70500,
BMW 320D E90. Immaculately kept,2009,2.0,Diesel,85000,
BMW 3 Series 316d Sport Saloon,2018,2.0,Diesel,52099,28900
2016 BMW 3 Series,2016,2.0,Hybrid,43500,
BMW F30 2016 Sport New Facelift Model,2016,2.0,Diesel,121,
BMW 316 YEAR 2010,2010,2.0,Diesel,100000,
BMW 3 Series 320d Sport Saloon,2019,2.0,Diesel,8950,41995
2008 Bmw 3 series,2008,1.6,Petrol,150000,
BMW 3-Series 2016 pearl white,2016,2.0,Diesel,72400,18000
2008 BMW 320D M Sport Auto,2008,2.0,Diesel,168000,3995
BMW 3 Series 320 (e90) D ES 177BHP 4DR Serviced//,2008,144500,mi,13,
BMW 3 Series 320 Sport 3ssh 4DR Auto,2020,2.0,Diesel,0,50760
BMW 3 Series 318d Sport Touring,2017,2.0,Diesel,31468,28995
BMW 3 Series 320d M Sport Plus Edition,2020,2.0,Diesel,1,58336
BMW 3 Series 330e M Sport,2020,2.0,Hybrid,1,55416
2017 BMW 330 E M SPORT AUTO+..MEGA SPEC.FINANCE!,2017,2.0,Hybrid,65000,24950
2015 BMW 320d M Sport XDRIVE,2015,2.0,Diesel,72000,
BMW 3 Series M340i Xdrive Touring,2020,3.0,Petrol,1,83785
BMW 3 Series 330e M Sport Saloon,2020,2.0,Hybrid,1,55416
BMW 3 Series 330e M Sport,2020,2.0,Hybrid,1,55416
BMW 3 Series 318d Sport,2020,2.0,Diesel,1,48508
BMW 3 Series 316D 2.0se 4Dr Auto - Finance  Trade,2016,2.0,Diesel,103000,18740
162 BMW 320D EFD PLUS automatic 62 MPG,2016,2.0,Diesel,83500,17250
BMW 3 Series 316D SE Model // Full BMW Service Hi,2017,2.0,Diesel,108900,18900
Bmw 330d M Sport,2007,3.0,Diesel,198000,
BMW 3-Series 2013,2013,2.0,Diesel,96200,
BMW 320d F30 M Sport,2013,2.0,Diesel,80000,
2012 320D,2012,2.0,Diesel,136000,
BMW 320d m sport coupe,2004,2.0,Diesel,170000,
2009 BMW 320d E92 M SPORT COUPE NCT 03/21,2009,2.0,Diesel,113305,5999
BMW 318i,2007,2.0,Petrol,14,
2011 Bmw 320,2011,2.0,Diesel,141000,
BMW 316i  E46 2002,2002,1.8,Petrol,157290,750
E46 BMW 320d msport imola red,2002,2.0,Diesel,228,
Bmw 318ci,2005,2.0,Petrol,138000,
BMW 320 D 2.0 177bhp new nct,2007,2.0,Diesel,207000,2200
2013 3 series f30 m-sport,2013,2.0,Diesel,124000,
F30 318d m sport Bmw,2015,2.0,Diesel,71619,17500
2011 BMW 3-Series nct 4/21 & taxed 8/20,2011,2.0,Diesel,133453,8950
BMW 3 Series 318 SE Zlbg 4DR Auto,2017,2.0,Diesel,69000,23950
2014 320D M-SPORT XDRIVE,2014,2.0,Diesel,14,14999
BMW 3-Series 2015 **320D ESTATE**,2015,2.0,Diesel,14,
BMW 320D E92,2009,2.0,Diesel,198000,4450
BMW 320d m-sport,2011,2.0,Diesel,0,
BMW 330d XDrive,2013,3.0,Diesel,84450,15750
BMW 320D M-Sport New NCT 1/22,2011,2.0,Diesel,97000,
Bmw e36 convertible,1998,1.8,Petrol,70500,
Bmw F30,2012,2.0,Diesel,138000,
Bmw 325i,2007,2.5,Petrol,95000,
BMW 3 Series 330e M-sport Shadow Edition 252BHP H,2018,2.0,Hybrid,12000,31900
BMW 3 Series 330e M-sport Shadow Edition 252BHP H,2018,2.0,Hybrid,12000,31900
BMW 3 Series 316D SE Model // NCT Till 01/21 // F,2013,2.0,Diesel,53315,12900
BMW 3 Series 330E Sport Hybrid 252BHP Model // Fu,2016,2.0,Hybrid,19400,23900
BMW 3 Series 330E Sport Hybrid 252BHP Model // Fu,2016,2.0,Petrol,19400,23900
2009 BMW 3.20d,2009,2.0,Diesel,14,3600
BMW 3-Series  2014 320d msport auto,2014,2.0,Diesel,89000,19800
BMW 3-Series 316D SE AUTOMATIC 2013,2013,2.0,Diesel,151300,
Bmw320D nct and tax!!!,2006,2.0,Diesel,286932,
BMW 320d Efficien Dynamics Model,2010,2.0,Diesel,156000,
BMW 3 Series 330E M-sport Hybrid 252BHP Model //,2017,2.0,Hybrid,22280,24750
BMW 3 Series 330E M-sport Hybrid 252BHP Model //,2017,2.0,Hybrid,22280,24750
BMW 3 Series 330E Sport Hybrid 252BHP Model // Fu,2016,2.0,Hybrid,19400,23900
BMW 3 Series 318D SE Model // Very Low Mileage //,2016,2.0,Diesel,6938,20900
BMW,2007,2.0,Diesel,15,
Bmw 320d msport,2007,2.0,Diesel,15,
BMW 3 Series 316d SE Manual,2014,2.0,Diesel,99899,14950
E36 318is,1999,1.9,Petrol,90000,
BMW 325i,2007,2.5,Petrol,50500,3300
2014 320D Msport,2014,2.0,Diesel,100000,
2004 BMW 320D E46 Sport Coupe,2004,2.0,Diesel,183000,1000
2006 BMW 318i,2006,2.0,Petrol,160000,
2010 Bmw 320,2010,2.0,Diesel,140000,
BMW E92 325i TAX + NCT,2006,2.5,Petrol,110,
2014 BMW 3-Series 318d Msport Spec Alloys,2014,2.0,Diesel,97577,14495
â‚¬87 PER WEEK ON FINANCE 162 BMW 320D M SPORT,2016,2.0,Diesel,67135,87
BMW 3 SERIES 2007,2007,1.6,Petrol,15,
BMW 320cd  diesel,2005,2.0,Diesel,185,1450
320d Coupe E92,2007,2.0,Diesel,293000,2800
2005 bmw 320i msport,2005,2.0,Petrol,180,
2012 BMW f30 320d,2012,2.0,Diesel,113000,
Bmw 318d sport edition 2011 new nct,2011,2.0,Diesel,146000,6750
Bmw f30 sport,2012,2.0,Diesel,105000,
BMW msport,2013,2.0,Diesel,140000,
BMW 3series sport 82000 miles,2012,2.0,Diesel,82000,
BMW Msport,2006,2.0,Diesel,168400,1750
Bmw 320d,2010,2.0,Diesel,167,
2013 Bmw 320,2013,2.0,Diesel,111000,
BMW 320D F30 with M Sport Kit,2013,2.0,Diesel,150000,
BMW 3 Series 318d SE Saloon,2014,2.0,Diesel,67182,17950
BMW 3 Series 320D Exclusive Touring Nct d 02/22,2011,2.0,Diesel,209653,5495
BMW 3 Series 316d Sport Saloon,2016,2.0,Diesel,82001,21950
2006 BMW 320d Touring SE,2006,2.0,Diesel,280000,
BMW 3-Series 2016,2016,2.0,Diesel,69000,
Bmw e91 320i m-sport,2007,2.0,Petrol,235355,
Bmw 3 series M - PERMORMANCE,2014,2.0,Diesel,74000,
BMW 320D SE Automatic 4DR,2011,2.0,Diesel,80000,9750
BMW 320d efficient dynamics (E90),2011,2.0,Diesel,127000,
BMW 3 Series 320D Sport Model // NCT Till 09/21 /,2013,2.0,Diesel,114540,10900
2007 Bmw 316,2007,1.6,Petrol,250000,
Bmw M sport 2012 2.0 diesel,2012,2.0,Diesel,120000,11750
BMW 3 Series 318d ES,2011,2.0,Diesel,167837,
2017 BMW 320d M-Sport Auto Blue Performance,2017,2.0,Diesel,69000,
BMW 320d 3-Series F30 2013,2013,2.0,Diesel,138000,8999
â‚¬87 PER WEEK ON FINANCE 162 BMW 320D M SPORT,2016,2.0,Diesel,67135,87
Bmw e90 320d nct10/20,2005,2.0,Diesel,250000,
2010 BMW 318d 2.0 143bhp,2010,2.0,Diesel,105000,
BMW 316i MSPORT,2008,1.6,Petrol,150000,2300
BMW 320D EfficientDynamics New NCT 01/22 New Chain,2011,2.0,Diesel,137000,
BMW 320D M Sport Coupe,2007,2.0,Diesel,83000,9500
Bmw 320d. 2009.nct. ðŸ˜,2009,2.0,Diesel,200000,
2009 BMW 320d M-Sport Low Tax,2009,2.0,Diesel,154605,4950
BMW 3 Series 330e M Sport,2018,2.0,Hybrid,18661,36995
BMW 3 Series 320d M Sport,2019,2.0,Diesel,7099,47995
Bmw 318i 07,2007,2.0,Petrol,240000,
Bmw 318 cabriolet,1995,1.8,Petrol,130,
2006 Bmw 318,2006,2.0,Petrol,91500,
2011 BMW 320i M Sport Coupe Â£30pw,2011,2.0,Petrol,99000,
December 142 BMW 320msportf f30,2014,2.0,Diesel,59000,17300
BMW 3 Series 320d Xdrive M Sport,2019,2.0,Diesel,8699,53995
3 series sport!,2012,2.0,Diesel,110000,
BMW 320d msport,2010,2.0,Diesel,173500,8250
BMW 3 Series 320d ED Manual,2013,2.0,Diesel,104637,15950
2006 Bmw 318,2006,2.0,Petrol,112000,
BMW 320 Msport Touring,2005,2.0,Diesel,170000,
BMW 3-Series 132 â‚¬2400 Dep from â‚¬73 P/Wk 3 Yrs,2013,2.0,Diesel,145352,11995
BMW F30 320d late 2016 New Facelift Model,2016,2.0,Diesel,129,
BMW 3 Series 2.0 Phev Sport / Auto / Tax  170,2017,2.0,Hybrid,24159,
131 BMW 320D M Performance kit "irish plate",2013,2.0,Diesel,160000,8550
2008 Bmw 318,2008,2.0,Petrol,138000,
BMW 320,2006,2.0,Diesel,183500,
BMW 3 Series 320 F30 D EFF Dynamic Business  sale,2015,2.0,Diesel,126000,16950
â‚¬87 PER WEEK ON FINANCE 162 BMW 320D M SPORT,2016,2.0,Diesel,67135,87
Late 2015 BMW 3 Series Sport  Nav,2015,2.0,Diesel,114000,
Fanblades alloys ...lowering springs,2001,1.9,Petrol,17,
BMW 3-Series 2014,2014,2.0,Diesel,41000,
F30 3 series M Sport kit,2012,2.0,Diesel,130,
For sale 320D,2010,2.0,Diesel,260000,
17 3 SERIES SPORT - 1 OWNER - 12 MONTH WARRANTY.,2017,2.0,Diesel,101123,21950
162 320D TOURING = 1 OWNER = 12 MONTH WARRANTY.,2016,2.0,Diesel,59897,22450
LONGFORD WINDOW TINTING,2005,2.0,Diesel,150000,
BMW 320CD,2004,2.0,Diesel,194156,2750
BMW 3 Series 318 SE Zlbg 4DR Auto,2017,2.0,Diesel,72624,22950
BMW 3 Series 316 SE 4D Auto,2012,2.0,Diesel,83986,15950
BMW 3 Series SE,2014,2.0,Diesel,142973,13895
BMW 3 Series 318d Sport Manual,2019,2.0,Diesel,3536,38950
BMW 3 Series 318d SE Saloon,2013,2.0,Diesel,72836,15975
2018 BMW 320d M Sport,2018,2.0,Diesel,41000,35750
BMW Individual 318i,2006,2.0,Petrol,100000,
Bmw e36 318tds,1998,1.7,Diesel,18,
BMW 320d E46 tax 04/20,2005,2.0,Diesel,181000,
BMW 3-Series 2016 **SPORT MODEL**,2016,2.0,Diesel,104000,
BMW f30,2014,2.0,Diesel,74000,
Bmw 3 series,2012,2.0,Diesel,105000,
BMW 320  x drive m sport,2014,2.0,Diesel,74000,
BMW 3 Series 320 M Sport 320d 190 Auto Start/stop,2018,2.0,Diesel,23726,32995
BMW 3 Series GT 320D Sport(1),2017,2.0,Diesel,31609,27995
10 Bmw 320d efficiant dynamics 190 tax per yr.,2010,2.0,Diesel,163000,
BMW 3 Series 330e Msport,2016,2.0,Hybrid,72300,29995
BMW 3 Series 320d Msport Saloon,2017,2.0,Diesel,82077,29995
BMW 3 Series 318 I Sport Touring 1.5 Petrol,2017,1.5,Petrol,32738,24995
BME 320 CD,2004,2.0,Diesel,169000,
BMW F30 320d New 2016 Facelift Model low nox,2015,2.0,Diesel,130,
**2013 bmw 320d efficient dynamics **,2013,2.0,Diesel,132000,
BMW 3 Series 320d M Sport,2017,2.0,Diesel,73800,26995
BMW 3 Series 318d M Sport,2016,2.0,Diesel,19200,
BMW 320D M Sport Automatic 186BHP,2011,2.0,Diesel,160,
BMW E90 318I M Sport plus,2010,2.0,Petrol,145000,8000
Bmw 318,2013,2.0,Diesel,190,9250
bmw e36 318is 1 owner 46000 miles,1997,1.9,Petrol,46000,
BMW 3 Series 335 D Xdrive Msport 5DR Auto(86),2015,3.0,Diesel,62116,24995
BMW 3 Series 318 D Sport 5DR,2016,2.0,Diesel,56628,19950
2013 bmw 320d effincey dynamics,2013,2.0,Diesel,113000,
BMW 316i manual full black leather 2006,2006,1.6,Petrol,137000,
320 bmw convertible & automatic polo,2007,2.0,Petrol,18,
BMW 3 Series 330e M Sport - Electric / Hybrid -,2016,2.0,Electric,36700,23950
BMW 3 Series 320d M Sport Saloon,2016,2.0,Diesel,86448,25950
2007 Bmw 320,2007,2.0,Petrol,189000,
BMW 3 Series 320d SE Saloon,2019,2.0,Diesel,29000,39995
BMW 320,2004,2.0,Petrol,99000,
BMW 3-Series 2016,2016,,,137000,15999
BMW 3 Series 318d SE,2018,2.0,Diesel,33930,30995
2000 BMW 325i SE E46 *35k miles only*,2000,2.5,Petrol,35000,
BMW 3 Series 320d SE,2020,2.0,Diesel,19,49995
BMW 325 d LCI,2009,3.0,Diesel,172000,
BMW 3-Series 2011,2011,2.0,Diesel,140000,7950
BMW 320d sport,2012,2.0,Diesel,120000,9950
BMW 318 d SE/NCT FEB 2022 - LOW TAX - PRISTINE CAR,2011,2.0,Diesel,161000,7150
BMW 318D,2011,2.0,Diesel,19,
BMW 320D,2009,2.0,Diesel,167336,
BMW 320D MSPORT,2014,2.0,Diesel,67000,
BMW 3 Series January Sale PAN Roof GT Auto,2016,2.0,Diesel,58686,24495
BMW 320d M sport,2012,2.0,Diesel,19,
BMW 320d xDrive M Sport 4dr,2014,2.0,Diesel,102000,
2007 BMW 316i,2007,1.6,Petrol,196500,2500
BMW 3 Series 318d Sport 4DR  only 11 000 Miles  L,2016,2.0,Diesel,11000,20950
Bmw 320d,2006,2.0,Diesel,176,
BMW 330d M Sport 4dr Step Auto,2013,3.0,Diesel,53500,
2016 BMW 3 Series M Performance Kit LOW VRT,2016,2.0,Diesel,114000,
car,2017,2.0,Diesel,74000,
BMW 320D *Chain just done*,2014,2.0,Diesel,120000,
BMW 320d Automatic (177hp),2008,2.0,Diesel,172000,5500
Bmw 330dm sportaut.perf.con.convertib..,2007,3.0,Diesel,132000,
BMW 335d,2007,3.0,Diesel,137000,
2005 Bmw 318d,2005,2.0,Diesel,320000,
Bmw 320cd sport,2004,2.0,Diesel,220000,
BMW 3-Series 2007... Nct 10-2020,2007,2.0,Petrol,148000,
141 BMW 320D SERIES,2014,2.0,Diesel,61000,
#####SOLD SOLD #######,2013,2.0,Diesel,118000,No Price
BMW 3 Series 2.0 Litre Diesel,2016,2.0,Diesel,66000,
BMW,2007,2.0,Petrol,154000,4950
BMW 3 Series G30 320D M Sport Auto,2019,2.0,Diesel,15000,
Bmw 320D,2013,2.0,Diesel,107000,14500
2004 BMW 318 *318 COUPE*ALLOYS*PARKING,2004,2.0,Petrol,167166,1950
BMW 3 Series Luxury  Automatic - Satnav  Leather,2017,2.0,Hybrid,39555,24950
2005 BMW 3 Series,2005,1.8,Petrol,150000,
BMW COUPE SE BLACK WITH CREAM LEATHER LOW MILEAGE,2010,2.0,Diesel,130000,
BMW 3 Series 316 4DR,2012,2.0,Diesel,96000,14950
BMW 330E 'AVR' M Sport Plus Hybrid Auto 252 BHP,2016,2.0,Hybrid,33800,28995
BMW 320D E90. Immaculately kept,2009,2.0,Diesel,85000,
2014 BMW 3-Series 318d Msport Spec Alloys,2014,2.0,Diesel,97577,14495
BMW 3 Series 316d Sport Manual,2016,2.0,Diesel,50953,21950
2016 BMW 320d EfficientDynamics Plus 4dr,2016,2.0,Diesel,86286,
BMW 3 Series 318d SE Touring Auto,2016,2.0,Diesel,57412,25950
BMW 3 Series 318 SE Zlbg 4DR Auto,2017,2.0,Diesel,56000,24995
BMW 3 Series 318d Sport Saloon,2017,2.0,Diesel,60123,23900
BMW 3 Series 320 F31 D Effic Dynamics 5DR,2014,2.0,Diesel,80780,14950
BMW 3 Series 318d SE Saloon,2017,2.0,Diesel,67345,26950
BMW 3 Series 320d Sport Saloon,2019,2.0,Diesel,19093,39900
BMW 320 D M Sport,2008,2.0,Diesel,159000,
Car,2010,2.0,Diesel,85000,
BMW 3 Series 316d Sport Saloon,2018,2.0,Diesel,33796,31950
BMW 3 Series 316d ES Edition 4DR Manual,2011,2.0,Diesel,80556,11995
Bmw 320D e90,2005,2.0,Diesel,123,
BMW e90 3 - series,2009,2.0,Diesel,120,
Bmw 320 D,2006,2.0,Diesel,21,
Bmw 320D,2013,2.0,Diesel,140,
BMW 320d â˜†â˜†â˜†SOLDâ˜†â˜†â˜†,2007,2.0,Diesel,300000,
BMW 320D  Auto Effiecient dynamics,2013,2.0,Diesel,89000,12600
BMW,2011,2.0,Diesel,170000,
BMW 320d M Sport e92 Coupe,2008,2.0,Diesel,165000,6995
BMW 3 Series 316d ES Zj25 5DR,2010,2.0,Diesel,83475,9950
BMW 3-Series 2012,2012,2.0,Diesel,94000,
Wanted bmw e46 318,2006,2.0,Petrol,21,
2016 (161) BMW 318d SE,2016,2.0,Diesel,118000,
BMW 320 CI Coupe 2004,2004,2.2,Petrol,136147,1200
BMW 3 Series 318d SE Saloon,2015,2.0,Diesel,100795,18950
BMW 3-Series 2005 BARGAIN â‚¬590,2005,2.0,Diesel,167000,590
BMW 3 Series January Sale PAN Roof GT Auto,2016,2.0,Diesel,58686,24495
BMW 320D M-Performance,2013,2.0,Diesel,235000,
Bmw 3 series,2013,2.0,Diesel,37500,12000
BMW 320d M Sport,2006,2.0,Diesel,138519,
2010 Bmw 320D,2010,2.0,Diesel,0,
BMW 330d touring (X-Drive),2014,3.0,Diesel,96000,
BMW 318ci convertible Silver,2004,2.0,Petrol,130000,
BMW 3 Series 330e Sport pro,2020,2.0,Hybrid,22,45465
BMW 3 Series 330e M Sport,2020,2.0,Hybrid,22,49649
2014 BMW 320D LUXURY**AUTO**,2014,2.0,Diesel,22,
2011 BMW 320D M-SPORT,2011,2.0,Diesel,22,
2007 Bmw 316,2007,1.6,Petrol,135000,
BMW 330ci MSport E46 Track Race Rally Drift,2001,3.0,Petrol,114000,
bmw e36 318 convertible msport,1999,1.8,Petrol,113000,
2011 BMW 318 2.0D  Black Sapphire Met.,2011,2.0,Diesel,143125,7450
BMW 320D M Sport 2008,2008,2.0,Diesel,141360,5950
Bmw 320d auto,2005,2.0,Diesel,200000,
BMW 320d,2012,2.0,Diesel,110000,9500
BMW 3 Series 320d Sport Saloon,2019,2.0,Diesel,25548,39900
2002 Bmw 320,2002,2.2,Petrol,138000,
2004 Bmw 320,2004,2.0,Diesel,200000,
BMW 3 Series 320d Xdrive SE  92 Per Week,2017,2.0,Diesel,68102,24975
Good BMW FOR sale,2005,2.0,Diesel,190000,
BMW e91 320i SE,2007,2.0,Petrol,221000,
BMW,2013,2.0,Diesel,196500,
BMW for Sale,2006,2.0,Diesel,23,
2010 Bmw 320,2010,2.0,Diesel,240000,
BMW 3 Series 318 F31 D SE Touring 5DR Auto Leathe,2017,2.0,Diesel,19542,27950
Bmw 1.6 Petrol new nct,2007,1.6,Petrol,141518,
BMW 3 series E90 MSPORT,2011,2.0,Diesel,80000,8250
Cars,2015,4,days,Kerry,
BMW 325i 83k miles NCT 05/20,2005,2.5,Petrol,82000,2500
2008 BMW 318i,2008,2.0,Petrol,87000,
ALPINE WHITE 320D MSPORT,2014,2.0,Diesel,77500,
BMW 3 series,2003,2.0,Diesel,230000,
BMW 316,1996,1.6,Petrol,116000,
BMW 320D MSPORT,2013,2.0,Diesel,127000,13750
Bmw 320d,2010,2.0,Diesel,91800,
2012 BMW 320D M Sport Plus,2012,2.0,Diesel,112000,11500
BMW 3 Series 320i 2.2 Convertible SE 2DR 170BHP I,2003,2.2,Petrol,88763,1995
320d sport-msport-F30,2012,24,days,Derry,
320 bmw coupe,2005,2.0,Diesel,24,
BMW 330D MSPORT TOURING 2016,2016,3.0,Diesel,56000,
BMW 3-Series...TOURING... 2010,2010,2.0,Diesel,122000,
BMW 320D 2 Year NCT+TAX,2010,2.0,Diesel,167000,
2019 BMW 320D G20 Auto Diesel. New Model. Big Spec,2019,2.0,Diesel,12750,
BMW 3-Series 2004,2004,2.0,Petrol,105000,1150
BMW 3 Series 320d Coupe SE Auto high Spec,2009,2.0,Diesel,160000,
BMW 3 Series 320d Touring Exclusive Edition,2011,2.0,Diesel,135000,
BMW 3 Series 320 (e46) D SE 150BHP 4DR,2005,2.1,Diesel,235717,
2008 BMW 3 Series,2008,2.0,Diesel,132000,
BMW 3 Series 316d SE Saloon,2018,2.0,Diesel,12406,29900
BMW 3 Series 316d SE Saloon,2018,2.0,Diesel,16061,26900
BMW 3 Series 316d SE Saloon,2018,2.0,Diesel,14235,27900
BMW 3 Series 330e SE Saloon,2016,2.0,Hybrid,64000,26900
BMW 3 Series 318d M Sport Touring,2019,2.0,Diesel,19013,36900
BMW 3 Series 330e SE Saloon,2016,2.0,Hybrid,44700,25900
BMW 3 Series 320d M Sport Saloon,2017,2.0,Diesel,69989,29900
BMW F30 320d New 2016 Facelift Model low nox,2015,2.0,Diesel,130,
320D SPORT LINE LOW KMS,2013,2.0,Diesel,54000,14950
BMW 320 diesel,2005,2.0,Diesel,230000,
BMW 318 M Sport Model Lady Owner Leather Int,2008,2.0,Diesel,157983,3950
BMW 3 Series 320d Xdrive M Sport,2019,2.0,Diesel,12432,52995
BMW 3 Series 318d Sport Auto//leather//serviced//,2017,2.0,Diesel,55843,
Car,2015,2.0,Diesel,69000,16500
BMW E90 318D SE Business (BMW service history),2009,2.0,Diesel,98909,
BMW 3 Series 330e M Sport,2017,2.0,Hybrid,25,No Price
2014 BMW 330D X DRIVE MSPORT,2014,3.0,Diesel,134000,17950
BMW 3 Series F30 320d MSport Saloon 190 bhp,2016,2.0,Diesel,52783,
2007 BMW 325d M-Sport Coupe Immaculate,2007,3.0,Diesel,138500,4950
Bmw 320d 2004 msport,2004,2.0,Diesel,195000,
BMW 320d Efficient dynamics - 2010 - Diesel,2010,2.0,Diesel,109000,6000
BMW 318i M-Sport Alpine White business edition,2010,2.0,Petrol,60000,8000
BMW 3 SERIES 2014 - 3.0 330D M SPORT 4d AUTO,2014,3.0,Diesel,87000,
BMW 320 M Sport Coupe,2007,2.0,Petrol,147600,4750
2007 BMW 318 Diesel,2007,2.0,Diesel,26,
BMW 320D Coupe E92 2008,2008,2.0,Diesel,208000,5250
BMW 320 D M Sport Immaculate Condition,2014,2.0,Diesel,78800,
Bmw 320d breaking nct no tax,2005,2.0,Diesel,26,
2011 BMW 3-Series 318I EXCLUSIVE EDITION TOURING,2011,2.0,Petrol,64000,
BMW 3-Series 2012,2012,2.0,Diesel,93000,
BMW 318i SE**3 Series**1 Owner**Low Mileage**,2007,2.0,Petrol,80000,1950
BMW 3-Series 2013 320d Sport Eff Dynamics,2013,2.0,Diesel,119800,9390
2015 BMW 320d M Sport XDRIVE,2015,2.0,Diesel,72000,
07 BMW 3-Series SE 2litre Petrol,2007,2.0,Petrol,206000,1650
Bmw 316i 2006,2006,1.6,Petrol,215000,
BMW 320D MSport M sport ( 177BHP),2008,2.0,Diesel,128,
BMW 318I Fresh NCT,2008,2.0,Petrol,128600,2600
BMW 320D MSPORT,2014,2.0,Diesel,67000,
BMW 320d M-Sport **Plus Edition****Price Drop**,2010,2.0,Diesel,109000,6000
2015 BMW 320d Msport perfect condition,2015,2.0,Diesel,119000,16900
BMW E30,1987,1.8,Petrol,120000,
2013 BMW F30 316i Sport,2013,1.6,Petrol,84000,12950
BMW 3 Series 318D SE 4DR,2014,2.0,Diesel,69350,17399
BMW 318 CI M Sport,2006,2.0,Petrol,159982,3450
COUPE E92* low mileage*XENON*PERFECT CONDITION,2007,2.0,Diesel,150000,
STUNNING BMW 318d not 320d325d330d520d525d530,2012,2.0,Diesel,27,
***BMW 320dmsport buisness edition for sale***,2010,2.0,Diesel,104500,7800
2008 bmw 320d,2008,2.0,Diesel,147000,
Bmw 320 ci2.2 Petrol,2006,2.2,Petrol,125000,
BMW 3 Series 320 (e90) 170BHP,2010,2.0,Petrol,65000,6500
BMW 3 Series 330e M Sport,2020,2.0,Hybrid,28,49254
BMW 318d,2008,2.0,Diesel,170000,
BMW 3 Series 330e M-sport Auto (phev),2017,2.0,Hybrid,41022,
BMW 320D M-SPORT X-DRIVE M-PERFORMANCE,2015,2.0,Diesel,116000,18950
2013 BMW 320D F30 M-PERFORMANCE,2013,2.0,Diesel,123000,12750
SEPT 2012 BMW 320 D SPORT LOTS OF EXTRAS MINT CAR!,2012,2.0,Diesel,99000,
2008 BMW e90 318d,2008,2.0,Diesel,167000,
2015 BMW 320D Efficient Dynamics Business,2015,2.0,Diesel,57000,16900
BMW 320D M Sport,2006,2.0,Diesel,177000,
BMW 3 series,2006,2.0,Diesel,218000,
BMW 3-Series 2004,2004,1.8,Petrol,174000,890
2008 bmw 3 series,2008,2.0,Diesel,220000,
*E46 Imola Red 320D*new Photos added,2003,2.0,Diesel,28,
BMW 325i2007 new NCT!!!,2007,2.5,Petrol,75800,
BMW 320D SPORT M-PERFORMANCE,2016,2.0,Diesel,119000,
2017 BMW 330 E M SPORT AUTO+..MEGA SPEC.FINANCE!,2017,2.0,Hybrid,65000,24950
2014 BMW 3-Series 318d Msport Spec Alloys,2014,2.0,Diesel,97577,14495
BMW 320D,2012,2.0,Diesel,98000,10000
BMW 3 Series 318 CI ES Coupe......nct 02/21......,2006,2.0,Petrol,110750,2495
BMW 3 Series 320 (e90) D Efficient Dynamics Depos,2011,2.0,Diesel,96876,9950
BMW 320d M Sport 4dr (ALLOYS MPER KIT CRUISE),2016,2.0,Diesel,89000,
Jap cars wanted dc2 ek9 sir 180sx chaser,2008,2.0,Diesel,28,
BMW 320I,2005,2.0,Petrol,240000,950
BMW 3 Series I SE Touring Zt3r 5DR,2007,2.0,Petrol,86603,
BMW 330D M Sport,2006,3.0,Diesel,125000,
BMW 3 series e90,2010,2.0,Diesel,160000,5750
BMW 3 Series 325 I Cabrio 2DR - Low Mileage -Taxed,2003,2.5,Petrol,73080,3300
2008 BMW 320D,2008,2.0,Diesel,205000,
BMW 3 Series 318d SE Auto,2014,2.0,Diesel,41745,17950
BMW 3 Series 316d Sport Auto,2017,2.0,Diesel,67384,24950
BMW 320d Msport Auto,2013,2.0,Diesel,29,
2014 BMW 320d Efficient Dynamics (12Mth Warranty),2014,2.0,Diesel,102856,
BMW 3 Series 316d SE,2015,2.0,Diesel,111027,17950
BMW F30 steering rack repair. N47 timing chains,2009,2.0,Diesel,29,
320D F30 M Sport / 184 BHP,2015,2.0,Diesel,60500,17499
2008 BMW 320d Coupe,2008,2.0,Diesel,171067,2700
2007 Bmw 318,2007,2.0,Diesel,1000000,
2007 Bmw 318,2007,2.0,Petrol,225,
SOLD,2007,2.0,Diesel,114000,3200
BMW E92 COUPE MSPORT,2008,2.0,Diesel,125000,6150
132 BMW 320 F30 D EFF DYNAMICS,2013,2.0,Diesel,113163,11000
131 BMW,2013,2.0,Diesel,30,
BMW 318i ES fully serviced spare wheel kit,2008,2.0,Petrol,72940,
BMW 3 Series 320d SE Saloon,2014,2.0,Diesel,141910,16950
BMW 330d XDrive,2013,3.0,Diesel,84450,15750
Cars,2015,4,days,Kerry,
Bmw e90 12 MONTH NCT UPDATE!,2007,2.0,Petrol,30,
2011 Bmw 320,2011,2.0,Diesel,163000,
BMW 316i 2008,2008,1.6,Petrol,166000,3200
2008 BMW 318d,2008,2.0,Diesel,195000,2800
BMW 320d Sport 2012 NCT,2012,2.0,Diesel,30,7450
BMW e92 M-Sport 320i coupe,2009,2.0,Petrol,91000,5850
BMW 318d,2010,2.0,Diesel,149000,
BMW 3 Series Saloon 318 SE Auto,2016,2.0,Diesel,108484,21950
BMW 320D,2013,2.0,Diesel,71000,15000
BMW is sold!!!,2007,2.0,Diesel,30,
BMW 2011 320d Efficient Dynamics Manual MOT'd 8/20,2011,2.0,Diesel,97000,
Bmw 320ci full m sport,2007,2.0,Petrol,150000,
BMW 3.0d M-Sport Plus (cheap long tax),2008,3.0,Diesel,165000,
2010 bmw 320d msport,2010,2.0,Diesel,31,
2010 lci e92 BMW coupe,2010,2.0,Diesel,31,
2016 (161) BMW 320D MSPORT X-DRIVE (4WD) M-Perform,2016,2.0,Diesel,36223,
car,2011,2.0,Petrol,67000,8500
BMW 320  NCT 09/20,2005,2.0,Diesel,149999,1495
BMW 3 SERIES TOURING 2014,2014,2.0,Diesel,109000,14950
BMW 3 series 4door,2007,2.0,Diesel,172500,
STUNNING 2016 BMW 320D SPORT AUTO WITH ONLY 46K,2016,2.0,Diesel,46889,
318d f31 ed touring,2013,2.0,Diesel,241750,10350
F30 141 bmw 320d,2014,2.0,Diesel,154000,12500
BMW 3 Series Msport Automatic with iDrive sat nav,2011,2.0,Diesel,80500,
BMW 3-Series 2015 BUSINESS STEP EFFICIENT DYNAMIC,2015,2.0,Diesel,109000,No Price
2010 Bmw 325 With Nct,2010,3.0,Diesel,144000,6250
BMW 320 D Auto,2012,2.0,Diesel,167000,
BME 320 CD,2004,2.0,Diesel,169000,
BMW 3 Series 316i,2007,1.6,Petrol,195996,
BMW 318 SE Saloon. From â‚¬242.20 PM.,2012,2.0,Diesel,51000,12995
BMW 318 Sport. From â‚¬214.20 PM.,2012,2.0,Diesel,84000,11495
BMW 320D M Sport Hard Top Cab *From â‚¬354.04 PM*,2014,73000,mi,31,18995
BMW 320D Luxury *SIMI DEALER â‚¬316.75 PM* TOP SPEC,2015,2.0,Diesel,83000,17695
BMW 3-Series 2015,2015,2.0,Diesel,85500,23950
BMW F31 Touring Msport,2013,2.0,Diesel,146,12950
BMW 320d M Sport,2008,2.0,Diesel,134700,
2008 BMW 320d M sport,2008,2.0,Diesel,32,
BMW 3 Series 316d Sport Saloon,2018,2.0,Diesel,34500,31950
Bmw 3 series,2010,2.0,Diesel,140000,5500
BMW 320D F30 M SPORT,2012,2.0,Diesel,32,
BMW 320 sport,2012,2.0,Diesel,97000,
BMW 3-Series 2007,2007,3.0,Petrol,96228,
BMW 318 CI 2 DOOR SPORT COUPE 140 BHP,2005,2.0,Petrol,141611,
BMW 3 Series Automatic 318 SE Zlbg 4DR Auto strai,2017,2.0,Diesel,38157,21500
BMW 320d EfficientDynamics 4dr,2013,2.0,Diesel,51164,
Bmw 320 D Se model,2012,2.0,Diesel,32,10000
BMW 3 Series 316d SE Saloon,2018,2.0,Diesel,63650,28950
BMW 3 Series 316 SE Zlbf 4DR Auto,2018,2.0,Diesel,63650,28950
BMW 3 Series 320D Edition Plus  oyster Beige Leat,2018,2.0,Diesel,46000,
BMW 3 Series 320 D M Sport Cabriolet Auto,2011,2.0,Diesel,121704,12400
BMW MSport plus,2011,2.0,Diesel,140,7000
BMW 3 Series 318d M Sport Saloon,2016,2.0,Diesel,79056,24900
142 BMW 316d Sports Model ''Nice Extras'',2014,2.0,Diesel,88000,14250
**2013 BMW 320D MSPORT 181BHP **,2013,2.0,Diesel,160000,
BMW e 46 coupe,2006,2.0,Petrol,180000,
SEPT 2008 BMW 320D COUPE 102K 19" ALLOYS MNT!!!,2008,2.0,Diesel,102000,
BMW 3 Series January Sale PAN Roof GT Auto,2016,2.0,Diesel,58686,24495
BMW 320D E90. Immaculately kept,2009,2.0,Diesel,85000,
BMW 318 M sport,2014,2.0,Diesel,53000,
Bmw,2007,1.6,Petrol,220000,
142 BMW 3 Series 2.0 320d EfficientDynamics Busine,2014,2.0,Diesel,69000,
Bmw E90 320 D msport coupe,2008,2.0,Diesel,33,
Immaculate inside and out ..SOLD..,2008,2.0,Petrol,138000,
BMW 3 Series 325I SE. NCT 02/18. Leather. Auto. F,2006,2.5,Petrol,85656,3995
BMW 3-Series 320d 2015 ONLY â‚¬75 PW,2015,2.0,Diesel,130000,
BMW 3 Series 318 Sport From 89 Per Week,2017,2.0,Diesel,82347,26950
BMW  320i M SPORT,2008,2.0,Petrol,141500,4200
BMW Diesel,2011,2.0,Diesel,290000,5000
BMW 3 Series 318d Sport Saloon,2017,2.0,Diesel,82344,26950
BMW 3 Series 320 (e90) D SE 177BHP,2008,2.0,Diesel,235000,5750
BMW 3 Series 316 ES Zj25 5DR,2010,2.0,Diesel,101000,No Price
2010 BMW 320D,2010,2.0,Diesel,128000,
BMW 3 Series 316d SE  102 per Week,2018,2.0,Diesel,36787,28975
BMW,2007,2.0,Diesel,33,
2013 Bmw 318,2013,2.0,Diesel,115000,
Bmw 320d,2007,2.0,Diesel,33,
Bmw 320d se m sport 0892286532,2007,2.0,Diesel,1234,
152 BMW 320d M Sport  with M Performance Kit ðŸ’,2015,2.0,Diesel,114000,21800
2011 BMW 318i M-Sport CoupÃ¨ / New NCT / Finance,2011,2.0,Petrol,104300,8950
BMW F30 330i M Sport - Shadow Edition,2018,2.0,Petrol,23000,30450
BMW 3-Series 2012,2012,2.0,Diesel,33,
BMW 3-Series 318d,2008,2.0,Diesel,172764,
Classic car restoration and repair,1990,2.5,Petrol,34,
2014 BMW 3-Series 320d F30 M-Performance,2014,2.0,Diesel,109000,16800
Bmw320d,2010,2.0,Diesel,124000,
BMW 320D M-Sport New NCT 1/22,2011,2.0,Diesel,97000,
2015 BMW 316D M sport performance kit,2015,2.0,Diesel,127000,
2014 BMW 3-Series sport Full M-Performance Styling,2014,2.0,Diesel,109000,17800
breakdown recovery service Dublin,2014,2.0,Diesel,34,
BMW 3 Series 2015 2.0 320D M Sport Auto  1 Deposi,2015,2.0,Diesel,101000,16995
**Bmw 320dmsport buisness edition for sale**,2010,2.0,Diesel,178000,
2016 BMW 320D ED Plus M Performance Black Leather,2016,2.0,Diesel,102000,
2015 BMW 3 Series M Performace Kitted,2015,2.0,Diesel,120000,
BMW 3 Series 320i Sport Auto,2019,2.0,Petrol,3000,
BMW 320  F30 M SPORT  184 HP,2013,2.0,Diesel,100000,
Bmw,2007,1.6,Petrol,34,
1990 BMW e30 318is,1990,1.8,Petrol,175000,
1994 Bmw 318,1994,1.8,Petrol,88000,
2004 Bmw 318ci,2004,2.0,Petrol,215000,
BMW 3 Series 320d Sport  147 Per Week,2019,2.0,Diesel,18644,39900
BMW 3 Series 316d SE Saloon,2014,2.0,Diesel,92000,15900
BMW 3 Series 320d M Sport Saloon,2018,2.0,Diesel,40695,35900
BMW 330e Hybrid Sport Auto,2016,2.0,Hybrid,111500,18500
2016 Bmw 3 Series 318d 320d,2016,2.0,Diesel,54000,
BMW F30 M-Sport Auto M-Performance Xenons,2014,2.0,Diesel,116,
2013 BMW 3 Series Estate,2013,2.0,Diesel,148000,9750
2012 BMW 2.0 Diesel,2012,2.0,Diesel,174000,
BMW 320D F30 M-SPORT M-PERFORMANCE,2014,2.0,Diesel,104500,
BMW 3 Series 320 F30 D EFF Dynamics 4DR A 2013,2013,2.0,Diesel,136300,11000
BMW 320d EFFICIENT DYNAMICS NCT 09/21 & TAX 05/20,2011,2.0,Diesel,120500,6950
BMW 320I SE COUPE 2007 BLACK SUPERB,2007,2.0,Petrol,84000,
2004 BMW 320Ci,2004,2.2,Petrol,120000,1100
2015 330D M Sport Plus,2015,3.0,Diesel,60000,
2017 BMW 3-Series 330E M Sport FSH â‚¬24950,2017,2.0,Hybrid,66000,24950
2015 BMW 316D M sport performance kit,2015,2.0,Diesel,127000,
BMW 320D M-Sport New NCT 1/22,2011,2.0,Diesel,97000,
BMW 3 Series 316 SE Zlbf 4DR Auto,2017,2.0,Diesel,43000,25750
BMW 3 Series 318d SE  46 per Week,2012,2.0,Diesel,80660,13975
Bmw 335,2007,3.0,Diesel,150000,
BMW 3-Series 2012,2012,2.0,Diesel,87000,
BMW 320D Efficient Dynamics 2014 model,2014,2.0,Diesel,66000,
2006 Bmw 318,2006,2.0,Petrol,12000,
BMW 3-Series 2008 Lady owner local car As new,2008,2.0,Diesel,157589,4999
2007 BMW 3 Series,2007,2.0,Diesel,233456,
2014 BMW 318d M sport Automatic,2014,2.0,Diesel,89000,
2011 BMW 3 Series,2011,2.0,Diesel,140000,
320d M Sport Coupe White  with red leather,2008,2.0,Diesel,137000,
BMW 330e / 530e Type 2 Charging Cable (3 Pin Plug),2016,2.0,Hybrid,1000,
142 BMW 320D ED,2014,2.0,Diesel,130000,
car collection recovery scrap cars taken away,1998,1.7,Diesel,36,
BMW 320d,2005,2.0,Diesel,190000,
Recovery and all scrap cars wanted,1998,1.7,Diesel,36,
2014 Bmw 320d,2014,2.0,Diesel,67000,13000
2010 320d LCI facelift model,2010,2.0,Diesel,130000,
Bmw,2005,2.0,Diesel,220,
BMW 3-Series 2014 GT M Sport estoril blue,2014,2.0,Diesel,63500,21950
BMW 3-Series 2012,2012,2.0,Diesel,122000,
BMW 3 Series 320d 2.0 M Sport Auto,2017,2.0,Diesel,52267,
BMW E46,2004,1.8,Petrol,150000,
Gear boxs,2006,2.0,Petrol,37,
1989 Bmw 318,1989,1.8,Petrol,82300,
2011 msport BMW,2011,2.0,Diesel,180000,
Bmw 320,2016,2.0,Diesel,150000,19800
BMW 320D E90. Immaculately kept,2009,2.0,Diesel,85000,
BME 320 CD,2004,2.0,Diesel,169000,
BMW 3 Series 320d M Sport From  129 Per Week,2019,2.0,Diesel,4238,52995
'08BMW 320l M SPORT CONVERTIBLE,2008,2.0,Petrol,155000,5500
BMW 320D M Sport ' Individual ' Coupe,2009,2.0,Diesel,122000,
BMW 318I M-Sport - NCT 12/20,2007,2.0,Petrol,241000,1795
BMW 318i,2006,1.8,Petrol,80,
BMW 3 Series 320 (e90) D Efficient Dynamics 4DR,2011,2.0,Diesel,155347,
BMW 320d,2011,2.0,Diesel,148,
2014 (142) 320 d m performance kit..,2014,2.0,Diesel,82000,
BMW 3 Series 318I ES Zs01 04dr,2008,2.0,Petrol,102000,3950
BMW 3-Series 2013 COUPE **M-SPORT**,2013,2.0,Diesel,119000,
2015 316D 2.0 FBMWSHM PERFORMANCEPRISTINE,2015,2.0,Diesel,79000,
2015 BMW 318D SPORT 2.0 VERY LOW MILES PRISTINE,2015,2.0,Diesel,46000,
2005 Bmw 320,2005,2.0,Diesel,180000,
BMW 320d M-Sport,2010,2.0,Diesel,157000,
BMW 3 Series 330e M Sport Phev Hybrid Upgraded Al,2018,2.0,Hybrid,46150,31900
BMW 318d M Sport 4dr (20" ALLOYS HEATED LEATHER),2013,2.0,Diesel,77916,
BMW 3 Series 320D X-drive M-sport Touring  AA App,2017,2.0,Diesel,65000,27999
2007 Bmw 318,2007,2.0,Petrol,12345,
BMW  M sport 2015 320D F30  X Drive / 4wheel drive,2015,2.0,Diesel,99460,16500
Bmw 320d msport,2002,2.0,Diesel,212000,750
2013 bmw f30 320d  x drive m sport,2013,2.0,Diesel,47000,
BMW 320D SE,2007,2.0,Diesel,112000,3250
BMW 3 Series 318d SE  52 per Week,2013,2.0,Diesel,72836,15975
BMW 3 Series 316D  Automatic  Full BMW Service Hi,2012,2.0,Diesel,82256,10950
BMW 320,2011,2.0,Diesel,142297,
BMW 3 Series M Sport Coupe (E92),2008,2.0,Diesel,122,6495
BMW 320d,2009,2.0,Diesel,136,
171 BMW 320d SPORT M-PERFORMANCE AUTO,2017,2.0,Diesel,115000,
BMW 320D MSPORT AUTO,2012,2.0,Diesel,140000,
2013 bmw 335d x drive luxury auto,2013,3.0,Diesel,99163,
Bmw 320d,2010,2.0,Diesel,140000,
2013 Bmw 316,2013,2.0,Diesel,67000,
132 BMW 318D M Sport 141bhp( import),2013,2.0,Diesel,86000,15550
2008 Bmw 320 coupe MSPORT,2008,2.0,Diesel,179000,
BMW 316i,2007,1.6,Petrol,155000,3500
Bmw 318i,2007,2.0,Petrol,95000,
2005 BMW 3 Series,2005,2.0,Diesel,10003,
BMW 3 Series 318D Zjb5 SE B ED 4DR,2010,2.0,Diesel,99730,
BMW F30 Sport 2012,2012,2.0,Diesel,130000,
BMW 3 Series 330e M Sport Shadow Edition Phev Ste,2018,2.0,Hybrid,34946,31895
152 BMW 320d M Sport  with M Performance Kitâš¡ï¸ðŸ˜,2015,2.0,Diesel,114000,22800
152 BMW 320d M Sport  with M Performance KitðŸ’¥ðŸ’¥,2015,2.0,Diesel,98000,21800
BMW 3-Series 320D SPORT 2015 TOP SPEC,2015,2.0,Diesel,83000,18700
2013 (132) BMW 320D EFFICIENT DYNAMICS,2013,2.0,Diesel,84000,15800
2014 BMW 3-Series 320d F30 M-Performance sport,2014,2.0,Diesel,89000,17800
BMW 330CI,2003,3.0,Petrol,136809,
BMW 3 Series 16d SE,2016,2.0,Diesel,98433,
BMW 3 Series  114 PER With Zero Deposit,2017,2.0,Diesel,56478,22995
BMW 3 Series 318D SE,2007,2.0,Diesel,164727,
2010 Bmw 318,2010,2.0,Diesel,98500,
Hi I am selling my E92 M Sport,2011,2.0,Diesel,190000,8500
Car,2004,2.0,Petrol,93000,
BMW 3 Series 318D Sport Auto From  119 Per Week,2019,2.0,Diesel,3000,45950
BMW 320d Luxury - Low Miles,2012,2.0,Diesel,76000,12750
BMW 320D E/D BUSINESS (19" ALLOYS SAT NAV LEATHER),2015,2.0,Diesel,63266,
2007 Bmw 330,2007,3.0,Diesel,75000,
2017 BMW 316 D SPORT AUTO..FINANCE!!,2017,2.0,Diesel,14000,22950
2017 BMW 330 E M SPORT AUTO+..MEGA SPEC.FINANCE!,2017,2.0,Hybrid,65000,24950
BMW 318d SE 4dr Step Auto (19"ALLOYS MSTYL CRUISE),2013,2.0,Diesel,89580,
BMW 3 series E90 MSPORT,2011,2.0,Diesel,80000,8250
BMW 3 Series Alternative  Low Mileage  High Spec,2017,18000,mi,40,
BMW 318 CONVERETIBLE FULL HISTORY2006 2019 NCT,2006,2.0,Petrol,160430,3500
2013 BMW 320D M Sport with M Performance Kit  (132,2013,2.0,Diesel,89000,17800
2011 BMW 320d M-Sport Plus Edition 181Bhp,2011,2.0,Diesel,164000,
2012 BMW 3-Series 320D M-SPORT FULLY LOADED,2012,2.0,Diesel,101000,16800
BMW 320 M SPORT COUPE AUTO NCT LOW MILEAGE,2010,2.0,Petrol,168000,8500
GOLF MK4 GTTDI MK5,2004,2.0,Diesel,1000,
BMW 3 E90 lift HIGH SPEC lowTAX NCT 325d no 320d,2009,3.0,Diesel,164200,5500
141 BMW 320 D GT,2014,2.0,Diesel,131000,
BMW 3 Series 330E Petrol Plug IN Hybrid Sport Auto,2017,2.0,Hybrid,25000,
BMW 3 Series 318d Sport Automatic,2020,2.0,Diesel,0,49400
BMW 320d M Sport 4dr (20" ALLOYS M-PER KIT CRUISE),2014,2.0,Diesel,82745,
BMW 320D coupe E92 2008 NCT 01/21,2008,2.0,Diesel,175000,4350
2012 BMW EFFICIENT DYNAMICS 320D,2012,2.0,Diesel,112000,
Bmw 318d es diesel,2011,2.0,Diesel,145000,
2010 Bmw 320,2010,2.0,Diesel,194318,
2015 BMW 3-Series 320D M Sport with M Performance,2015,2.0,Diesel,88000,20800
BMW 3-Series 320d - sale or swap,2013,2.0,Diesel,106000,10950
Bmw 318D M Sport,2009,2.0,Diesel,148500,5900
BMW 3 Series  new Model  320i M-sport Auto,2019,2.0,Petrol,9879,
BMW 3 Series Efficient Dynamics  business Media,2015,54751,mi,42,
BMW 3 Series 2.0 Litre Diesel,2008,2.0,Diesel,273581,4990
CASH FOR CARS,2008,2.0,Diesel,75000,
2012 BMW 3-Serie 320d F30 M-Performance Sport,2012,2.0,Diesel,141000,
BMW 330E M SPORT PLUS 252BHP PLUG IN HYBRID,2016,2.0,Hybrid,76000,
Late 2015 BMW 3 Series Sport  Nav,2015,2.0,Diesel,114000,
131 BMW 320D M Performance kit "irish plate",2013,2.0,Diesel,160000,8550
BMW 320D,2008,2.0,Diesel,54500,
BMW 320D,2005,2.0,Diesel,171000,1400
2007 Bmw 318,2007,2.0,Petrol,179000,
Bmw 323 Drift car,1999,2.5,Petrol,43,
Bmw 318d,2006,2.0,Diesel,43,
Selling two bmw read ad,2004,2.0,Petrol,43,
BMW 320i Coupe,2007,2.0,Petrol,112000,
318i M-Sport Bmw,2008,2.0,Petrol,197000,
BMW 318I Fresh NCT,2008,2.0,Petrol,128600,2600
Bmw 318d,2010,2.0,Diesel,134,
Bmw 316d ES * FULL BMW WARRANTY TIL 3/03/21,2014,2.0,Diesel,132000,
Wanted BMW's,2006,2.0,Diesel,114000,
BMW 320D M sport coupe,2008,2.0,Diesel,118000,6700
2013 BMW 316D FULL M-Performance Kit - Leather,2013,2.0,Diesel,56000,14750
320 m sport,2008,2.0,Diesel,171000,
BMW 3 Series 320 D,2013,2.0,Diesel,147,
Bmw 316 d sport,2014,2.0,Diesel,160000,
11 BMW 320D E92 ðŸ‘ðŸ‘ Tax â‚¬270,2011,2.0,Diesel,118212,7000
BMW 3 Series M3 CSL,2004,3.2,Petrol,92997,
BMW 3-Series 2011,2011,2.0,Diesel,190000,4750
2005 BMW 3 Series,2005,2.0,Petrol,180,
Bmw 318i m sport for sale,2006,2.0,Petrol,290000,1150
BMW 320,2007,1.8,Petrol,128000,
BMW 318D,2007,2.0,Diesel,345000,
BMW 318d Sport 4dr (2 KEYS FULL SERVICE HISTORY),2012,2.0,Diesel,110309,
BMW 3 series e92 320d M Sport,2010,2.0,Diesel,144917,8000
BMW 318 sport auto,2016,2.0,Diesel,42000,
BMW 320d 3-Series F30 2013,2013,2.0,Diesel,138000,8999
BMW 320D E90. Immaculately kept,2009,2.0,Diesel,85000,
BMW e46 318i one owner nct 05/20 tax 01/20,2003,2.0,Petrol,87000,
BMW 320i Coupe 2010 Black,2010,2.0,Petrol,83000,
BMW 3 Series 335I SE Convertible 306bhp Auto With,2007,3.0,Petrol,57000,
STUNNING BMW 318d SPORT ( PX Welcome / Finance Ava,2012,2.0,Diesel,112000,
2006 BMW 3 Series,2006,2.0,Diesel,175000,
BMW 330d xDrive M Sport 4dr Step Auto (SAT NAV),2016,3.0,Diesel,57955,
BMW 3 Series 320 M Sport 3tmf 4DR Auto,2019,2.0,Diesel,2633,52995
BMW 330d M sport,2006,3.0,Diesel,140000,
BMW 3 Series Msport/auto/touring,2017,2.0,Diesel,51029,
Bmw 320d sport,2012,2.0,Diesel,121000,
Selling  two bmw read ad,2004,2.0,Petrol,46,
2010 Bmw 320,2010,2.0,Diesel,2020000,
BMW f30 318d,2014,2.0,Diesel,58000,
** Towing and Recovery **,2010,46,days,Kerry,
BMW 316D Sport,2015,2.0,Diesel,37000,
Bmw 320D,2001,2.0,Diesel,46,
Bmw 335d M Sport,2007,3.0,Diesel,136000,
BMW 3 Series Luxury Touring,2015,56425,mi,46,
BMW 3 Series 318D Zlbg 4DR Auto,2017,2.0,Diesel,52817,22500
2007 BMW 320 320I SE TOURING,2007,2.0,Petrol,84500,6950
2007 BMW 3 Series,2007,2.0,Petrol,106000,
BMW F31 touring auto 2013 M-Sport NCT 2020,2013,2.0,Diesel,214000,
2005 Bmw 320,2005,2.0,Diesel,250000,
BMW 320ci,2001,2.2,Petrol,127000,
2007 Bmw 335,2007,3.0,Diesel,150000,
BMW 3-Series 2012,2012,2.0,Diesel,69000,
BMW Convertible - 2004 - 118000 miles,2004,2.5,Petrol,47,
BMW 3-Series 2014 **IRISH CAR FROM NEW**,2014,2.0,Diesel,103000,
Late 2015 BMW 3 Series Sport  Nav,2015,2.0,Diesel,114000,
BMW 3 Series 318d SE Auto,2016,2.0,Diesel,61000,
BMW 3-Series 2013,2013,2.0,Diesel,93000,
BMW 320D F30,2012,2.0,Diesel,160000,
2000 Bmw 323i 2.5 Convertible Manual Only 43000 M,2000,2.5,Petrol,43000,5750
BMW 3 Series 316D Sport  46 Per Week,2012,2.0,Diesel,102653,13975
BMW 3-Series 2014,2014,2.0,Diesel,176778,
2004 Bmw 318,2004,2.0,Petrol,126000,
BMW 318,2007,2.0,Petrol,113000,
BMW 3 Series 320D M Sport,2018,2.0,Diesel,7100,
Skoda citigo  9000 miles,2014,2.0,Diesel,9000,
BMW 3 Series Estate Auto Diesel,2013,2.0,Diesel,125000,
BMW 3 Series 320d M Sport Touring,2019,2.0,Diesel,4931,51950
BMW 320d M sport,2013,2.0,Diesel,108000,
BMW,2014,39804,mi,48,
2019 (191) BMW 320D Msport G20 190BHP ** 1 OF 1**,2019,2.0,Diesel,3605,
BMW 320D,2010,2.0,Diesel,65000,6500
BMW 320 diesel,2008,2.0,Diesel,220000,
BMW 3-Series 2006 For Breaking,2006,2.0,Petrol,177162,
2016 (161) BMW 320D MSPORT  - MPERFORMANCE,2016,2.0,Diesel,58798,
2006 Bmw 318,2006,2.0,Petrol,120000,
2013 320d f30 msport (sunroof model),2013,2.0,Diesel,136000,
162 BMW 320d Msport Auto GT Gran Turismo hi spec,2016,2.0,Diesel,35000,
BMW 3-Series 2013,2013,2.0,Diesel,50000,
BMW 318d SE Touring 2015,2015,2.0,Diesel,141791,14950
BMW E46 318ci,2004,2.0,Petrol,260000,
Bmw,2012,2.0,Diesel,60399,
BMW 3 Series 318D SE 4DR,2014,2.0,Diesel,139500,
2013 bmw f30 320d  x drive m sport,2013,2.0,Diesel,47000,
BMW 320D MSPORT,2014,2.0,Diesel,67000,
08 BMW 3 series,2008,2.0,Diesel,49,3950
BMW 320D E46 2004,2004,2.0,Diesel,160000,
BMW 325D M SPORT AUTO HIGH SPEC,2010,3.0,Diesel,132000,9450
F30 M-performance sport,2012,2.0,Diesel,109,
BMW 325i Cabriolet Automatic,1992,2.5,Petrol,129000,
BMW 3 Series  118 Per Week - No Cash Deposit318 S,2017,2.0,Diesel,51491,22995
BMW 2008 SE Edition,2008,1.6,Petrol,170000,
BMW 320 DIESEL 174bhp Cabriolet,2008,2.0,Diesel,166000,
2007 Bmw Other Bmw,2007,1.6,Petrol,217698,
BMW 3 Series D ES Z3sf 4DR,2007,2.0,Diesel,142000,
Bmw 320d msport Touring,2009,2.0,Diesel,133000,6175
BMW 3 Series 318 Diesel ES Touring,2010,2.0,Diesel,121000,6950
BMW 3 Series M Sport **NEW NCT** F30,2013,2.0,Diesel,107000,14250
2005 Bmw 320d full leather red,2005,2.0,Diesel,286000,
2001 BMW 316i Saloon,2001,1.9,Petrol,152000,1695
BMW 3 Series 318D Msport 4DR Auto From  95 Per We,2017,2.0,Diesel,92459,27950
BMW 3 Series I ES Z3sc 4DR Saloon,2007,119306,mi,50,
BMW 320D SE EfficientDynamics,2008,2.0,Diesel,61000,4500
BMW 320d sport f30 white,2012,2.0,Diesel,114000,
Bmw for sale,2005,2.0,Petrol,322220,
2012 BMW 3-Series 320d F30 M-Performance,2012,2.0,Diesel,114000,13900
BMW 3-Series 320D SPORT  2012 TOP SPEC,2012,2.0,Diesel,109000,13900
2013 Bmw 320d Efficient Dynamics,2013,2.0,Diesel,0,
320D BMW  Automatic small work need,2006,2.0,Diesel,170500,
2016 BMW 3-Series sport Full M-Performance Styling,2016,2.0,Diesel,89000,19800
BMW 330D,2007,3.0,Diesel,266665,
2016 BMW 3-Series sport Full M-Performance Styling,2016,2.0,Diesel,86000,19800
2013 BMW 320d M SPORT,2013,2.0,Diesel,125000,
2006 Bmw 316i NEW NCT Full leather interior!,2006,1.6,Petrol,180000,1350
2013 BMW 320D M Sport with M Performance Kit  (132,2013,2.0,Diesel,85000,18700
BMW 3 Series 320D Efficent Dynamics Plus,2016,2.0,Diesel,46000,
BMW 3-Series 2010 1 OWNER â‚¬4950,2010,2.0,Diesel,155000,4950
2007 Bmw 318,2007,2.0,Petrol,75000,
2009 320 D MTEC SPORT,2009,2.0,Diesel,91000,
BMW 3 Series Se 4dr,2015,2.0,Diesel,81231,17995
2012 BMW 320d M-Sport Plus Edit 190bhp,2012,2.0,Diesel,54500,
1991 Bmw 318,1991,1.8,Petrol,250000,
BMW 330e hybrid,2017,2.0,Hybrid,60000,
Bmw 320d m sport,2008,2.0,Diesel,151000,
2015 BMW 3-Series 320d F30 M-Performance,2015,2.0,Diesel,109000,
BMW 3 Series 318d Luxury GT,2016,2.0,Diesel,100720,
BMW 3 Series 330E Sport Saloon,2020,2.0,Hybrid,52,51995
BMW E92 320D M Sport Coupe,2007,2.0,Diesel,257000,
09 D 320D many extras will consider a decent offer,2009,2.0,Diesel,116000,
BMW 335I M SPORT 2007 *LOW MILEAGE * 06-20 NCT*,2007,3.0,Petrol,88097,11950
07 BMW 320D COUPE,2007,2.0,Diesel,140177,
Beautiful Bmw,2006,2.0,Diesel,136,
2010 BMW 316d,2010,2.0,Diesel,170,
BMW 3 Series 320d Sport Saloon,2014,2.0,Diesel,132349,18450
BMW 320D,2006,2.0,Diesel,228000,
BMW 3 Series 320D Sport Auto From  89 per Week -,2014,2.0,Diesel,132251,18450
1996 Bmw 320,1996,2.0,Petrol,123456,
BMW 320D 2013,2013,2.0,Diesel,136000,
BMW 325i Convertible 3.0 Straight 6 Auto,2007,3.0,Petrol,140000,
2007 BMW 325i E92 CoupÃ© For Breaking.,2007,2.5,Petrol,0,
STUNNING BMW 330d MSPORT (FINANCE/PX WEL),2013,3.0,Diesel,68000,
BMW 320D Saloon,2008,2.0,Diesel,318089,
BMW 320 Huge Spec Model. 162 reg.,2016,2.0,Diesel,4,15950
BMW 320Ci,2002,2.2,Petrol,109285,
2013 Bmw 320,2013,2.0,Diesel,112500,
2010 Bmw 320,2010,2.0,Diesel,172973,
2016 BMW 3-Series 320D  Sport with M Performanc,2016,2.0,Diesel,89000,21800
BMW 3-Series 2015 Full M-Performance Styling,2015,2.0,Diesel,94000,18900
BMW 3-Series 320D SPORT 2012 TOP SPEC,2012,2.0,Diesel,79000,13900
BMW 3-Series 320D SPORT  2012 TOP SPEC,2012,2.0,Diesel,109000,13900
BMW 3-Series 320D SPORT  2014 TOP SPEC,2014,2.0,Diesel,89000,16800
BMW 3-Series 2015,2015,2.0,Diesel,55,
2015 BMW 3 SERIES SPORT EXCELLENT SPEC MINT CAR!!!,2015,2.0,Diesel,107000,
2009 BMW 320d SE,2009,2.0,Diesel,110000,
Swap,2007,2.0,Diesel,55,
"Absolutly mint bmw 320d"!!,2007,2.0,Diesel,118000,
BMW 2002,2002,2.0,Petrol,55,
Bmw 325i automatic,2007,2.5,Petrol,137800,5000
2012 BMW 3-Series 320d F30 M-Performance,2012,2.0,Diesel,89000,13900
2013 BMW 3 series 320D   Full M-PerformanceStyling,2013,2.0,Diesel,119000,15900
2014 BMW 2.0  3-Series M PERFORMANCE,2014,2.0,Diesel,98000,16800
2012 bmw 3 series 320D  Full M-PerformanceStyling,2012,2.0,Diesel,109000,13900
BMW 3 Series 320d Efficient Dynamics Plus,2016,56095,mi,55,
BMW 3-Series 320D SPORT 2015 TOP SPEC LEATHER AUTO,2015,2.0,Diesel,119000,17800
BMW 3-Series 320D SPORT 2014 TOP SPEC,2014,2.0,Diesel,108000,17800
BMW 3-Series 320D SPORT  2012 TOP SPEC Leather,2012,2.0,Diesel,109000,13900
BMW 3-Series 320D SPORT  2012 TOP SPEC,2012,2.0,Diesel,109000,13900
BMW 320 F31 efficient dynamics touring,2014,2.0,Diesel,55,
BMW 3-Series 320D sport  2013 (132) TOP SPEC,2013,2.0,Diesel,69000,16400
BMW 3-Series 2015 sport 320d,2015,2.0,Diesel,120000,18700
BMW 316 MSPORT 1.6 NCT CHEAP TAX,2008,1.6,Petrol,128000,
2017 BMW 316 D SPORT AUTO..FINANCE!!,2017,2.0,Diesel,14000,22950
BMW 3 Series 318d Sport Saloon,2019,2.0,Diesel,2670,45950
BMW 320D SE 184 (19" ALLOYS PRIVACY BLUETOOTH),2012,2.0,Diesel,101560,
Bmw 318i,2006,2.0,Petrol,155000,
BMW 318 SE Low Miles & Full History,2003,2.0,Petrol,120000,
2014 Bmw 316,2014,2.0,Diesel,72000,
2013 BMW 320D M-SPORT,2013,2.0,Diesel,114000,
BMW 318D,2006,2.0,Diesel,218000,1600
2004 Bmw 320d,2004,2.0,Diesel,56,
BMW m sport price drop,2006,2.0,Diesel,247084,
Car,2007,2.0,Diesel,130000,
BMW 3-Series 2006 choice of 20,2006,2.0,Petrol,56,No Price
Msport Bmw 318d e90 breaking,2005,2.0,Diesel,56,
May 2012 BMW 3 Series 318d Sport 4dr,2012,2.0,Diesel,103000,
BMW 3 Series 318d M Sport Shadow Edition Touring,2019,2.0,Diesel,4917,37950
Wanted Bmw Audi Mercedes Range Rover,2002,2.5,Petrol,10000,
BMW 320 D Sport  2014,2014,2.0,Diesel,109000,
BMW 320D M Sport,2012,2.0,Diesel,67000,16500
BMW E90 LCI 316d T.Chain done,2010,2.0,Diesel,210900,
BMW 318d â‚¬2500,2008,2.0,Diesel,178324,
BMW 3-Series 320D Eff-Dyn Business Edition 2015,2015,2.0,Diesel,68000,
BMW 3-Series GT M-Sport 2014,2014,2.0,Diesel,64749,21950
BMW  touring,1991,1.6,Petrol,160000,
320 d,2013,2.0,Diesel,170000,14250
BMW 3-Series 2007 AUTO 325I,2007,2.5,Petrol,102000,
BMW E92 325i 2006,2006,2.5,Petrol,210884,3300
BMW 3 Series 318d M Sport Gran Turismo,2017,2.0,Diesel,90102,27950
BMW 320D,2004,2.0,Diesel,150000,
2017 BMW 330 E M SPORT AUTO+..MEGA SPEC.FINANCE!,2017,2.0,Hybrid,65000,24950
2015 BMW 320d M Sport XDRIVE,2015,2.0,Diesel,72000,
2009 BMW 320d Touring FSH Panoramic Roof,2009,2.0,Diesel,131000,
BMW 335i SE 2dr 301bhp Twin Turbo Doctor Owner 7yr,2007,3.0,Petrol,102000,
BMW 3 Series 318 Z3ar 4DR Auto,2015,2.0,Diesel,96964,18490
BMW 3-Series 2006,2006,3.0,Petrol,90,5750
BMW 325d,2008,3.0,Diesel,136000,
BMW E46 316i 1.8 litre manual transmission.,2005,1.8,Petrol,154000,1000
2009 Bmw 320,2009,2.0,Diesel,166000,
Bmw e92,2008,2.0,Petrol,235000,
2012 BMW 3 Series M Sport M Performance kit,2012,2.0,Diesel,115000,
BMW 3-Series 2012,2012,2.0,Diesel,100000,
Bmw 320d se,2009,2.0,Diesel,114000,
Car,2014,2.0,Diesel,110300,13500
BMW 3 Series 320 F30 D Sport 4DR,2013,2.0,Diesel,163921,10995
BMW 318i NCT 9/20 tax â‚¬380,2008,2.0,Petrol,159000,2950
2006 Bmw 320,2006,2.0,Petrol,112000,
BMW 320d M-Performance,2013,2.0,Diesel,86000,16500
05 BMW 320 E90 sE,2005,2.0,Diesel,164000,1350
1999 Bmw 318is,1999,1.9,Petrol,145000,
BMW 318 coupe,2005,2.0,Petrol,131712,
BMW 318D Msport Mega Spec f30,2015,2.0,Diesel,160000,
BMW 3 Series 318d SE Saloon,2017,2.0,Diesel,53509,26950
BMW 3 Series 320d Sport Saloon,2019,2.0,Diesel,11420,41950
BMW 3 Series 320d M-sport Touring,2019,2.0,Diesel,0,60459
"""@"07 BMW or 08 Passat 1.9 tdi for sale,2007,1.6,Petrol,164000,
BMW 320 D M Sport,2004,2.0,Diesel,181000,
BMW 320D SE Automatic MSport package,2012,2.0,Diesel,152000,
2013 BMW 320D M Sport M Performance Kit VRT Paid,2013,2.0,Diesel,133000,
BMW 320D M-Performance,2013,2.0,Diesel,235000,
141 BMW 320 M-Sport 184Bhp X-Drive Auto FBMWSH,2014,2.0,Diesel,135039,15950
Bmw 320d 2008,2008,2.0,Diesel,59,
BMW 320d EfficientDynamics Plus 4dr Step Auto,2015,2.0,Diesel,62216,
2014 318D M SPORT NAV LEATHER PERFORMANCE KIT,2014,2.0,Diesel,76000,
BMW 320d MSport 5dr Step Auto ESTATE 19" ALLOYS,2016,2.0,Diesel,62959,
Bmw 318 msport automatic,2006,2.0,Petrol,133000,
BMW 320D M Sport,2013,2.0,Diesel,82000,
2009 BMW 318D ES: 108K Miles: 3 Month Warranty,2009,2.0,Diesel,108000,4995
Bmw 320i saloon 2005,2005,2.0,Petrol,59,1900
BMW 3-Series 2010,2010,2.0,Diesel,94000,8995
BMW 3-Series 2014,2014,2.0,Diesel,82000,17995
BMW 3-Series 2012,2012,2.0,Diesel,119000,
Wanted e30 e36 e24 e28,1998,1.9,Petrol,25000,
BMW 3-Series 2007,2007,2.0,Diesel,138000,
M Sport 04 BMW Coupe High Spec,2004,2.0,Petrol,96000,1499
BMW 320D E92 SE COUPE,2008,2.0,Diesel,153000,3995
2008 BMW 320D MSPORT (177BHP),2008,2.0,Diesel,120000,2800
Bmw 330d msport,2014,3.0,Diesel,47900,
Bmw 3 series 2014 for sale,2014,2.0,Diesel,130000,
Bmw,2007,2.0,Diesel,61,
2006 Bmw 320,2006,2.0,Diesel,2000,
BMW 3 Series Touring,2011,2.0,Diesel,132000,6500
2013 BMW 320d M Sport VERY LOW MILES,2013,2.0,Diesel,49499,
2005 Bmw 320,2005,2.2,Petrol,147000,
Car,2011,2.0,Diesel,143,
BMW 3 Series (320d) FSH 83000mls,2011,2.0,Diesel,83000,7900
2008 Bmw E90 318i M-sport,2008,2.0,Petrol,255886,
Bmw 320d,2008,2.0,Diesel,230000,
BMW F30 320d New 2016 Facelift Model low nox,2015,2.0,Diesel,130,
BMW 320d Full BMW Main Dealer Service History,2011,2.0,Diesel,138400,5795
131 BMW 320D,2013,2.0,Diesel,135000,
2012 BMW 3 Series,2013,2.0,Diesel,174000,
BMW 320D M Sport,2013,2.0,Diesel,120500,14250
3 series bmw 320d Msport e92 2012 top spec !,2012,2.0,Diesel,60000,13000
2011 BMW 3 Series,2011,2.0,Diesel,120000,7950
BMW 320D Efficient Dynamics,2013,2.0,Diesel,46000,12995
2012 Bmw 320,2012,2.0,Diesel,128000,
BMW 320D business model (142 Irish reg),2014,2.0,Diesel,66000,
BMW 320D F30 EFFICIENT DINAMICS PLUS,2016,2.0,Diesel,132000,18500
Bmw 320i,2008,2.0,Petrol,213689,
Bmw 330d msport,2006,3.0,Diesel,148000,
BMW 320d,2010,2.0,Diesel,99000,4300
Bmw M Sport 320d E90.,2006,2.0,Diesel,160000,
2011 Bmw 320,2011,2.0,Diesel,133689,
BMW 3 Series Coupe M Sport **Price Drop**,2010,2.0,Diesel,132287,
2013 (132) BMW 3 Series 320D MSport F30,2013,2.0,Diesel,82120,13500
BMW 320F30 Automatic M Performance *REMAP 235BHP*,2013,2.0,Diesel,0,11000
BMW 320d MSport,2012,2.0,Diesel,115400,15950
BMW 320d 2010,2010,2.0,Diesel,211000,
BMW 320D Sport,2012,2.0,Diesel,98000,
'05 BMW 318i Individual M sport Coupe,2005,2.0,Petrol,210000,
BMW 320d 2005 Very clean,2005,2.0,Diesel,269000,
Bmw 3 series 316i,2006,1.6,Petrol,185000,2100
08 320d new nct,2008,2.0,Diesel,220000,
BMW 320 automatic diesel,2006,2.0,Diesel,169,
BMW 320 E92,2007,2.0,Diesel,169000,
BMW 320D MSport Coupe Auto REDUCED,2010,2.0,Diesel,130000,
â‚¬87 PER WEEK ON FINANCE 162 BMW 320D M SPORT,2016,2.0,Diesel,67135,87
2006 Bmw 316i NEW NCT Full leather interior!,2006,1.6,Petrol,180000,1350
BMW 320D,2011,2.0,Diesel,173000,
BMW 320D,2006,2.0,Diesel,200000,
BMW 3,2008,2.0,Diesel,104,
Bmw 3 series GRAN TOURISM m3 sport,2014,2.0,Diesel,166327,
BMW  3 Series Coupe  e92,2008,2.0,Diesel,170,
2008 Bmw 320,2008,2.0,Petrol,199000,
Car PRICE DROP,2011,2.0,Diesel,70000,
BMW 318D Sports Edition,2012,2.0,Diesel,66,
2013 Bmw 318D M-Sport Plus F30 M Performance,2013,2.0,Diesel,116000,
2008 BMW 3 series M sport business edition,2008,2.0,Diesel,160000,
2017 BMW 330E I PERFORMANCE,2017,2.0,Hybrid,24000,
BMW 320D M-SPORT,2007,2.0,Diesel,170300,3800
Bmw 318i,2007,2.0,Petrol,217861,
2008 BMW Coupe 320i Only 105Kms 1 Owner,2008,2.0,Petrol,105310,
bmw,2007,2.0,Diesel,170000,
131 BMW 316D 4DR NCT01'21 Taxed 01'20 155km's,2013,2.0,Diesel,155000,10495
BMW 3-Series 2007,2007,2.0,Petrol,67,950
**LOW MILAGE** BMW 3 series SE 2.0 Diesel,2007,2.0,Diesel,68,
BMW 3-series M-Sport 2.0 Diesel,2013,2.0,Diesel,149700,14900
Bmw 320i e90 2005 nct 05/20,2005,2.0,Petrol,12000,
2005 Bmw 320,2005,2.0,Petrol,11200,
BMW M-Sport 320CI Touring,2004,2.2,Petrol,119000,
BMW 320 D  MSPORT TOURING E91 Edition,2011,2.0,Diesel,149000,7995
BMW 3 series M-sport Business Edition,2010,2.0,Diesel,160000,
BMW  e46 318ci 8valve 2001  1.9 Petrol  111364 mi,2001,1.9,Petrol,111364,950
Bmw 320d Nct till Oct 2020,2006,2.0,Diesel,260000,
Bmw 318ci msport,2004,2.0,Petrol,203350,
Cars,2015,4,days,Kerry,
BMW 320D MSPORT,2014,2.0,Diesel,67000,
2007 Bmw 330D tax and nct,2007,3.0,Diesel,166000,
2007 Bmw 316,2007,1.6,Petrol,200000,
12 320d sport F30,2012,2.0,Diesel,115000,
BMW 320D Business class,2012,2.0,Diesel,129000,
BMW 3 Series 316 2.0 D E90 ES 4dr new Nct Auto,2013,2.0,Diesel,252000,9000
BMW 318d msport,2016,2.0,Diesel,43000,
2003 Bmw 320,2003,2.0,Diesel,232000,
BMW 335I,2007,3.0,Petrol,281600,4950
BMW 3 sÃ©ries,2014,2.0,Diesel,139000,14000
BMW 318D  M Sport,2014,2.0,Diesel,94000,
